address,whitelisted
0x0a4eafeb533d4111a1fe3a8b323c468976ac2323,5
0xe34bded2b256430a9be53cbf5cba3b6d866d55f3,1
0x63a9dbce75413036b2b778e670aabd4493aaf9f3,3
0xe85740d4b34f727e8cbc9d676d253a4fd736a239,15
0x8d95686030b3e37f45d84b0e871f7c1dd3dfe396,1
0x00d29fbc981d05edba69bc0909e391a132271357,2
0x450638daf0caedbdd9f8cb4a41fa1b24788b123e,2
0x5a418d8bc0c074a4a8fa88d1322dc51cc1cb9d29,1
0xba19ba5233b49794c33f01654e99a60e579e6f29,17
0x4c969243fc60179b4aca73a361755aaa227f2241,8
0xd387a6e4e84a6c86bd90c158c6028a58cc8ac459,5
0x4e16227ccf35aef1736e079292d94a0f625e3df8,1
0x68a7ac13477aad590982293feeeb786a00276cf2,22
0xdd870a5f6c819d8767319d7e43bb2884fd68e3b5,1
0x3634f315da51a174f1e260eca870436acd537012,1
0x75863c5dd30fc162d7e6b30a6caf015cc4c066c6,1
0x289d953cf25d51abbc825faac3c260c10eda72cf,5
0xb50ac7d2f2928d7e61c6eaa33f905aeecef97ca6,1
0x2e0d63ffcb08ea20ff3acdbb72dfec97343885d2,1
0x77a1a28f8246da0e919a02a79479bc1591253530,14
0xd4fa6e82c77716fa1ef7f5defc5fd6eeefbd3bff,9
0x3a6372b2013f9876a84761187d933dee0653e377,2
0x55cf34223929a9d893c1ea402735a3a6fc6e5f74,1
0x8f903cfc0af3c2ec0d872c57538af5e071544a57,7
0xad9f11d1dd6d202243473a0cdae606308ab243b4,2
0x3a49309413793b32f6a308769220147fedbffa5f,7
0x6f8af4f14826405c5a361860de9f26acdaeab49b,1
0xf296178d553c8ec21a2fbd2c5dda8ca9ac905a00,1
0x1e815a8188f1b84564577c1c998f7e6b4706b752,5
0xd863c0f47bdeb7f113ea85b3cb3d95c667f17ab4,1
0xbfa35d6f9971837b960e920321100c3e21a8c7cc,3
0x267e959769dfe608a578f1de63eabd18e187d8b7,1
0x46e449a3f88d0e35b4520bc36e8dfda195c896b0,2
0xabf107de3e01c7c257e64e0a18d60a733aad395d,13
0x972e633f5f6f62d1f2a13977f113941fcb3b606b,2
0xdef4ed6e5aa0aea70503c91f12587a06ddc1e60f,1
0x69658f46ecc6529e18a6fceae79536c2239d5006,1
0x79a1b0ff2ae73c591ad4cd409fd6a20b21cb2500,1
0xd9c1854842c3d5531f94d1831a1a59027f1846a5,2
0xa876cd9e1e30abcce2bfe66037c726a2517972d4,2
0x23787626349cc170bfc512e5b5e3d3f44e00d02d,4
0x113d754ff2e6ca9fd6ab51932493e4f9dabdf596,4
0xc46db2d89327d4c41eb81c43ed5e3dff111f9a8f,10
0xba0c68d6b353c2c36a657289e24ba36fe7172d2f,8
0x809e1e2725dbbd8d75eb1a460880932d2e1d4c1f,1
0xca7ae408934316b98db96e4c9cecb99c645c8c71,2
0xb155c548a1e7bc338d3504b29048bef07b33accc,1
0xe907c99288007b394e77267f9b77e1053cd55d29,1
0x899241b0c41051313ce36271a7e13d54c94877a1,4
0xfe0f3380bd288344bd3bb538afcb1c6f5de24972,3
0xbec69dfce4c1fa8b7843fee1ca85788d84a86b06,24
0xe0908c4bb4fb2041dff71e87e1f76ac4c4cc625f,1
0xa6e59b844891e619801b298f4f0af52054513a3c,3
0x299eae71c3ad6016caecbcf19530cd8828b6fe63,1
0xbff231712560ae7a8773a3969f247ba85359664d,1
0x5a6e40b29bf20e4f60e7becb571af5ad5796a3c4,1
0x5c57abd3548b87ef9babea37ed3abd51fad523a3,1
0x85c7199b5a36e87956cca466233de6710e849d6d,3
0xd1bea81dd97d4fcebc5b25686bdca04deff3991f,1
0x00a839de7922491683f547a67795204763ff8237,1
0x4dd91f366e1ffc6bfc88a9d2af682093c9e24b0f,1
0x0f4bc970e348a061b69d05b7e2e5c13eb687e5e3,4
0x2649c4628da55e874c85fa0bcb189777cd41b8ad,1
0x3e81ea3a8a2d0b71a85468b02be83d09bfffe476,2
0x73e4a2b60cf48e8baf2b777e175a5b1e4d0c2d8f,3
0x0091d84d13483ae41f0432ec86b68266bd67b6d5,3
0x5dfa3092be17f441f85a4b3218a7675f0efcf9a3,1
0x9e199d8a3a39c9892b1c3ae348a382662dcbaa12,29
0x8aa04ed102fcc87f6c3851803048321a3a211448,1
0xaf812e8babab3173edce179fe6fc6c2b1c482e39,1
0xd6dd6961d3224958fcd306b76a991ab974ec1ebc,1
0x1e9babdb4743dbaaf287352bc9d3d8c31b0ff327,1
0xe72eb31b59f85b19499a0f3b3260011894fa0d65,1
0x3e9dacf58e308310e96b68924a57174f68a3d6cc,2
0xe2e58b5bec8f79c7a681c9efbec12b3ece7a76fd,3
0x6ed1a5b3f62868b95ad763496bdafc7f018a55a8,1
0x7dd758d5b7e10bd45cef5b2bc79d17bf45192e10,1
0xb10004a5faf2c1e72548f3c9c69947e9af01a622,5
0xecba5f51925e6ccec26da38dcd7d5305f6bdfbcb,1
0x42e14873e4ad775681fe0401e8ecae1bd6d0658a,1
0x93e45360f7e5b0b85d8e65dae9fa1a6f2af56819,1
0x09d4083ffd20d21acb9118465ad7c52ac8b548f7,5
0x675ebc88bd62310a49762722fc0cf3a725c02e6e,1
0x48af2bd40905f8d48d187ecb3c6bbc19ec21c795,1
0xf2907acb30273f87d8a2f3154f2625ea7bf8f81f,5
0xbae25a69a6eb7341ee834be7635e247e22a1e57a,2
0x4337222550e92f52daae8985e089d7af44314b78,1
0x81be7f475e335693fda594abc8b42bb0d873f9a0,2
0x47d4f20ae83bcd350105f199f900e6e6104dab6a,12
0x3be89b64e1437bb18da2d26bcbe9bd3daaadfc26,160
0xe75b05cf7f73c2808c711d38488cc8e0186d259e,4
0x30602250c5f1fcba5407e99b1dfaab992ea4ffd2,1
0x01ec738293d4fa32d99374a4519b450f4db2ba54,15
0xc2b3cb204e96270d763c70c75ae1a77c739b0e6d,1
0x407f0caf24df420ee7880f82be76efee2720ceef,18
0x03911fecabd6b4809c88e2e6eb856ec932b2ee3e,10
0xefcc4c68e1ddfaa4f0fa3a7479f0fb082f96a56b,1
0x0a690b298f84d12414f5c8db7de1ece5a4605877,6
0x702e9e66a100881039be7bbadacf1ba607c97f6b,2
0xf0d6999725115e3ead3d927eb3329d63afaec09b,1
0xeb1fbb2d250d7a20ecd76a33c079d7c0b74f965e,1
0x05eac3c33721f4643ea192bb89459d58ca1aa960,1
0xce7a9f981a2a79c79340297edff7bb6b73f71913,5
0x6b4331048c411795a89d54484e3653107d58a64e,4
0xf36972bbff0bb63dbc8f2c8a93625647b32e024b,12
0x1b2965dc3b1697dd10b7126ec7393d79cda2cf91,10
0x3295df41a2f288da03818ae32565e1599f1b2eee,28
0xc87c5a6702abd6eb76130cd5ac4d1a837fe9d7f7,1
0x3993996b09949bba655d98c02c87ea6abf553630,1
0x6186290b28d511bff971631c916244a9fc539cfe,12
0xd3e2e76e4ab0322614fe7aaa3be0b04bed83d0d0,9
0x2881780b4184b0f81001fb263dafb7a4271edf06,1
0x82b1f29c5608238df2618f996827933c0d844079,16
0xad033859f7b6d3e8ea5dba567223fd54c0c882aa,1
0x02970c31a80f7c4b022cd30c6f9e6c1c5b6e5ef4,14
0x1d96b3fbb8803594345019c07a548c09bf39fd6c,1
0x0f086d4ca0713b673b9d949b45277644b076e6c8,1
0x49c3feafddaefc3bed06f4ff87ce86610c2c1076,2
0x0eb9a7ff5cbf719251989caf1599c1270eafb531,5
0x27bba99469653f80efd8e3d23ba224d8db1e0851,1
0xaaa3f05f25eed87ee3a268f4582ec914e6245577,1
0xce810c1ca6390063aca6c16adc095b2f0603c4ba,4
0x65c671aa1653a28bc6d16c31a4597ed677fff45d,1
0x78681c47dd2af465b6ebe415b62002542ba3b387,1
0xbe00df56945d606b1d62cd92950b39da11d81b28,3
0x8788eaf04a9769b7b849dd5af77e0ac9bc783a80,1
0x97af99cb0882afa74b269d3f58d849b0d61101d6,1
0xeb1c22baacafac7836f20f684c946228401ff01c,4
0xe16df6503acd3c79b6e032f62c61752bec16eef2,1
0x92ed9731d907bcbee5e792ef3960e2612b1577a5,1
0xdc49b03f8c565494b3f5608b7b0edb322e0de476,1
0xda0396c581d426dd0c333d8991c1e979e02f3223,1
0x33c2656b7b33461f346f697d998d89a110eb42ef,1
0x0ed1e02164a2a9fad7a9f9b5b9e71694c3fad7f2,1
0xd461c0e84c98650b7d573cb7cdd3d7e0ba402e6b,1
0x81ad691c7efbb931c03c244dd598fa81d07c78cb,1
0x5fd36a4a4bcfe5ea059706a6a09c26b62be4059a,1
0xcaf6fd54fb74c95b28f5e94952ca21b46e4071cc,6
0xd7e683c992855b5e8edca21807fb03d4321d4f12,1
0xc8f42217b6b1768012b4431f922be0759fed7397,1
0x2b0386bbdd314d8356c21f39be2491f975bd6361,1
0xc542492296d3537eb3fd16fd775bdf7ab8721c7c,1
0x83fdb67f37e59a8c42d3f4275667ef6bba42ea0f,1
0x7b1d4f3602f0fe16c4f611e124d3d7b307245ba8,4
0x7d046f0cf8a2d6cb2577dc95d96df0525d96c0fe,1
0x2a538000a53f38d89f37fa43a301cee2c0f9e331,19
0x35ffc49e7fefc188dff81db3c717db098294bc23,1
0x9c6b51e67d5d348790a20f4591184008d862e0f6,1
0x623fc4f577926c0aadaef11a243754c546c1f98c,1
0x9649e370ee6facc62e1849eab6f4be7a2b5f4a13,1
0xa2d76c09b86cf904f75672df51f859a876a88429,2
0x8bb4f3be31bc5aac56c75a41522b1e0d517aabc0,5
0x1e32a859d69dde58d03820f8f138c99b688d132f,5
0xd7510a925475cb8377bc8d2a7f1c792022b68df8,1
0xdf4c62f992ab29c3649db1fe65425c055b5c3913,5
0xe5c4c41194901047523108bb47eb109781a1a86a,32
0x2ac2a4b5774f124cdc778f966cd9bea563fb9f6a,1
0x7b7736a2c07c4332ffad45a039d2117ae15e3f66,1
0x97920e2780248e89664f57fa11993bdab947f62a,1
0x4322aa46ffed67809862da613725728e2fb8eae3,11
0xb52343dbb87db123289ebbd6d8277ce9f1b71ca1,2
0xb6be4de7f37bae20085d830a28982be8ad19052b,3
0xc2a4b640dd4e591559fcdeb8566a05c23237d9e6,1
0x550e970e31a45b06df01a00b1c89a478d4d5e00a,1
0xabc72db416d924b4d645738a6394cacdc58dea94,1
0xb47a70df538b9a3b591bc5d75da66a04c879b291,51
0x4897d38b0974051d8fa34364e37a5993f4a966a5,4
0x0e9aed5c7721c642a032812c2c4816f7d6cb87d7,65
0x950012685408083b795506e13d87392bd55d6930,1
0x62bdc64a14405e797f86796ea3c2476209ee0bf9,10
0x80be646c17ae7a4a2a40cf08642e0d1020653eb9,1
0x967ee5faa6344323c2898a657a56118b50a45163,3
0xc2e13041b5109ac7b66bc0e72b508f2b0668922f,1
0x42129d1462b1e2875f634f9e70cefe5887f2b894,2
0xfa893e0326bc79aa30d72d64359e784770376d90,1
0x94de7e2c73529ebf3206aa3459e699fbcdfcd49b,66
0xa3c277b8f35881cbdb017e52bcc376b3ce8f21da,2
0xf897c8038522fcb25a918e563a93f859402aa0ba,2
0x694eda027342a230894b80960fe29cb8cf3e7f15,1
0xfe0fb970566e5ee272692ce8b831f46317de639c,1
0x6c03994d9e808181daf225b59225cf04fb4f084a,2
0xf5c1d55e94726962b4b517c949120c42d646e455,3
0x0545043519f288dc0d8b547259872b166ca77165,1
0x8d7c9ae01050a31972adaafae1a4d682f0f5a5ca,1
0x40a628d16be2ba6956f60402b17f52e8bfe32497,4
0x8dbbca57ea56290efa14d835bbfd34faf1d89753,37
0xedf7b675a2fe3c27efb263fb4c204a3f0fb17d46,2
0x023367f713780ac6e123e5c461623377a2f82ee6,2
0xb9f5039273a63275d2f15e3c970bdbfcf47d0a5f,1
0x5399a09fc5d0054fe1d0c15b2dd135fcf7cc3ade,3
0xe301612b0751f6d862a27be205fb8e3c40c8c6db,18
0x70a78cd1f4c010150797fe301fc02fd03269faeb,1
0xb89c2f6bb674bd6aace2a1e274d40e6dc4775b15,20
0xf7104815cb1bd54020f0b0d032c6760aaab980c3,2
0x97916e27632ec5f1f4c549ba7bf4c8850344a32b,3
0x560b9244a2fdc11563a7e7293997d54e147d63c3,5
0x83b00f9858c3a11ceee2f3f55c3b3c523a3c9620,2
0x3185fad637cf50bae9ad59329abe9060ce2776e5,3
0x850cae094ce34c564327818631287a75d3cee6ca,1
0xf22f00d0b95b1b728078066e5f4410f6b2be8fae,1
0x3f13f597f80c65055251cdfc63b292df8e042cf9,3
0x67edd0b8f66ce4edeee9ed84a74fbc70ceacfe18,5
0xbca6da24cdf77c2103773bc460dbd6d915f3ec82,1
0xa99aeb0da7034794f599783b4e41fd5070583144,1
0x81c0405a635d340ffac20be92eba1de64915531b,2
0x285be47bee9f9e4d9a16d9707c868eed10667020,1
0xbb322d8abff816360c057d0d628410d25df582ec,1
0xbed058a4bcc06338bdd214f150d25ff3686e98bc,3
0xec7641e298af02c19171451381c570327389b0c2,13
0x2e7698859a96de0dd240aa96ac6d47f90752b530,1
0x6d1b8b1545ae1d477b636d8bd6a53c05e2ff2ad2,1
0x79ecd68a6bcdf40f40bf0dc0c1fcc962aa8c6213,1
0xa1e4f7dc1983fefe37e2175524ebad87f1c78c3c,7
0x0a645cbbfd479523d142b1a1e703550cd39470f1,1
0xc7acc9338aa47f9bd9bf9eb08bc6e29188c149df,1
0xc40df87e16339f21fbb2e59fb38bf2a957a16ffd,16
0xca11d10ceb098f597a0cab28117fc3465991a63c,2
0x77cdc5597ffdcf10119e82189e4f4bb05b82b475,1
0x36ed2d75a82e180e0871456b15c239b73b4ee9f4,3
0x649b84336c431d3abbb0c5a705e28a82891032b0,3
0x27073cd0d709d89c391af9767595d91c78ed43a7,6
0x2ae82657ec1ec17b25f564cc500dac2a55c5c623,2
0x6277a1073dfbe0ea087e0ef8741dce084831e782,3
0x3c1d6deb260a173059e030fa29d053545e7bc821,1
0x8c794d7345a81e1c9ef45bbb794579beb3555613,1
0xd0c877b474cd51959931a7f70d7a6c60f50cdae7,4
0x8b7a5b22175614ee194e9e02e9fe0a1b5414c75e,9
0xecc8201146ea7538993dcc92c8326a2a91f66f35,1
0x93730ce5ac9de1db9f3fbb73bf522a690629ccec,6
0x303052148a78a692d7aa89bad454f3e91785488d,10
0x50187b3d4b2ec543032abc09ab54313cd1febb10,1
0x8363b3c46c057f9218ddc2f8fa87994173b57d82,1
0x29226ef65f9d62e481d5bee425e364b873ee10ed,1
0x810e096dda9ae3ae2b55a9c45068f9fe8eeea6db,1
0x442dccee68425828c106a3662014b4f131e3bd9b,17
0x0503ed50534614193fcd085c5de01728a4824822,1
0x7ca2b8b8a6c81cbd6d69267bc7854273d048294d,2
0xfe61b0164168b713a5f2ec27696989ef9fb5087a,3
0xce9000536c859b6807c3986b03b73b54e8747cdf,3
0x728f2548559e2aacae8b6b01fc39ff72771ff8be,1
0x4e2a1b9c346718824576d6793be2455e1e1538c8,1
0x7aed3163fb1b705423175e3c2fa1d58aa638efa0,2
0x2f38eeeab1644739d564f5390b8c822d6f1f813b,1
0x8fe7b143b2c67739e9c933da0a48142b14c4415d,1
0x7b6107f5df88b23643511718fffe0865673b8dd8,1
0x48d0f04cead85c8ff7c309078994d6dcdf7ef1af,1
0x7decf7a31168778f311c57b9a948abaa7321001e,3
0x6396ef1c07949476aabae95c926872ba2dacdcaf,1
0xe6d2a9b56701d3180d218717141670ad720e479f,1
0xfc2a616d48a8681250aaaf590404e20812e96cfa,4
0xa7bd745215fa1cee3e93ef2de195c5a53b6c75bb,1
0xcc52d4132a0fd28a6e2e820d0c8e774fe53499f0,2
0x3e17fac953de2cd729b0ace7f6d4353387717e9e,24
0xf721370944d3321d0d3a949ef2d8446e64c352d7,1
0x13579f6364c974dfac3f9bd95bdfd4f7958fe6d1,1
0x338fd148fa51c6d1e2060bd9ce3c739c920420d0,1
0xb462c4a96aeadb389fbfdf5953fd4003b82768d8,2
0xe7436afad54fec84a67be7866ad21f4fb0d3efc6,1
0xa6df791ff616dc5418ebd045338cdcbe19f242ee,1
0xc5b0662b034ddd10cc068768cb6aaea120944506,1
0x17476d0ed31f81d95b5ba8960b2d0b4de4675e64,1
0xdf612c887e88f8e87ac0d2aa04ffd91f0556cfc0,6
0x023ef73d4c6de80dd3e52b8aae579b8f0e5cbeb4,1
0xd7eae9fe9152317ee0542558836cb45fc5af2d39,10
0x935522496f4754bb77d7605b13eab19df1d188fc,1
0x161f7c6f76ce2b07c1433e52e2695d3a5c59202e,1
0x8ee376de530fb9a734df676e7e4342b48355f483,1
0xb5d13af0b364b23073acad269189bf5d09f0f746,1
0x279679e6b44ec547c6e0466e5efd7d47ef3a400f,15
0xad4f9e51cb88e446032a6ab790f8967c81c1e7fc,1
0x90c19fea1ef7beba9274217431f148094795b074,3
0x603b93e94b997598d642b3fcf28fb4841c24634a,1
0x0b8f4c4e7626a91460dac057eb43e0de59d5b44f,2
0xec4b065f11ba9caa341465e23f2f2a99b32537e3,2
0xa46f24d23bb97d2fd127b81a6d849b66d976b8f0,1
0xcf74e42266de87aa1a3dfe1e1c5f46db0ac752b2,2
0x5154dceeadd948111678616de0394a4544e3abe4,6
0x17784e26896939d4553bd6807cfe42f1bb885be6,1
0x91e371c3cd3aa81af27b1602d4d8cf9d81ec5a90,1
0x2478c4d111e3ed59a56292564ea70448de6c492a,11
0x7132c9f36abe62eab74cdfdd08c154c9ae45691b,2
0x530cf036ed4fa58f7301a9c788c9806624cefd19,1
0x7774e9d86f7f3ffed2a415cb0938690eb87f2b14,2
0x7583534d2f2c3699b1acd11b9f2fac9c35acc45c,35
0xee402489d83e2b22d496910f8c810d35a3ad7b25,2
0xcd2e9610a06220071d15deac4aa0d6c78c726515,2
0x33b17a8d3578d558731ba60b6ba8e5f38a0bfa1d,6
0xbb5eb75a8ad51dfa60408d76ef6df8069eee405d,1
0x44a3ccddccae339d05200a8f4347f83a58847e52,2
0x6f35b0cfc58eb1e21eef8a439bbb0ce4c929d32a,5
0x6f64db0e3b8d230f4e649c878cc465312232fc77,1
0xc24f574d6853f6f6a31c19d468a8c1b3f31c0e54,54
0xf942258c095f10efd0ca58e1308150ff40239d47,5
0xd03072838feec992c647406a9a51190fe6322075,1
0x3b7f246d8340de4fe0495bfd243fbea798503c7f,2
0xe487ed5ec80cca6e8a44f6d6f3f712088df8ad4f,1
0xebde1c486971acfe41170e55099d5ed3cf908822,1
0x02a1653b151ba9c3baa9b81ac23cab81a067d618,1
0xe55c987aef8a15601d3dcc1609aceda43d82a8f2,1
0x609630f177090662bf270b72378921063811559e,4
0xf3b0f4411c77c60a132003dbc01d58fe137b75ae,2
0x6d2a4fad14d437a4f89c8df91eaa24c13f9f34e8,1
0x7c2b65b98a86d9d2e10216f92674f28cb9fe0f86,1
0x59a5493513ba2378ed57ae5ecfb8a027e9d80365,12
0xeca9c66692bb06d64e0289042409c69289c67c23,1
0x4bbb41f61fffc1bbe65a2aa192c65281e16ea758,59
0x1d12d09793daf5eb834c8d29eb6a039c32b73813,3
0xb0da24087c936c0893b345b3a3ed722034259813,1
0x8fac841807e21807f511daf3c04a34cd78661f4c,1
0x3bb0fe1d19e1f10a457cd3d26cd0db78dfdd677e,1
0xceb63ca91bf7bd673e11589c5194e9e927cd5560,4
0xf946d2068a549b3225cf188339010a8383dea5f1,2
0x6ec87b3201dfb002e4553c09d8086aedbcee1bd9,1
0x297009f9ce6544f0ea8d7dcfb2d2ffadfd6345af,1
0xf2b09726761a3ac43b6bb2e62f493bcf63596209,1
0x7530566d47eadab0bb93d560b9c80fc350871d46,10
0xd56c7a90fc69656f47a55654ab8d1b35ea752814,1
0x4f63c2553edf1c19632dda7641ff7aea06f996b7,5
0x89447f2ca722481d1399ae08b4d7e9471883f6c8,3
0x34805e6a3796fb04e82183667a78c2f7bff29170,1
0xa07737951d1c32a86e3dfa8214430d7ec2682806,1
0x7aa335dd4b35a47e4ac23e6b9201893665c3c12d,1
0x9d3f4eeb533b8e3c8f50dbbd2e351d1bf2987908,13
0x12c9c42d8fb9b3c147abf3d24b7eba38e0393e44,1
0xdcae87821fa6caea05dbc2811126f4bc7ff73bd1,1
0x9e69a931ccb27ac7a10192f34147c2ff0f861fb3,2
0xf2c16ae7887450ce0018cdbad26cfdbab183ffee,1
0x6bf97f2534be2242ddb3a29bfb24d498212dcded,1
0x97c0dbcb62f0579b34d2223e1b22a029f352513d,1
0xb3e08599ac57666be68dbb3d311b9c607900a83b,7
0x33eaaee9d0a6192d11bbb370aee0e5d22c3335b5,1
0x3364f3e9f19436983c9a65a54f81c54a6af2a6f4,1
0xcb4de7db08b4dd0a9954fcfa0a09762f58436df0,1
0x789e8dd02ffccd7a753b048559d4fbea1e1a1b7c,1
0xf5043b09b635e57c25acaab0c196f7bce4be3dc3,1
0x6130d3edf972ef4bd1fa7ebaa2458b34e5edac49,1
0xca37d80abd9799e9060e2fa64b9a9476e5bb097f,8
0x67d21ebd269d61ef8cd9f0f3698869b3d818a4b5,1
0xf8f77a6610bd2bd25f0e171ecab8a81151c2280c,1
0x90e5aa59a9df2add394df81521dbbed5f3c4a1a3,1
0x191458d229eafe1e246e4c28d346fcb10acb12a3,1
0x876d4aa80fd4af365b03df32df12c7ccdb146301,1
0xc3edcbe0f93a6258c3933e86ffaa3bcf12f8d695,1
0x8c6e565a72b46712f7608040eaa7d3e7b0b2b4a8,1
0x76af7bc5f781dcbd68a39074944286634a250a40,1
0x8e662143178bb8c797620a3a61f34a71832475b0,10
0xdaef5bd71a343ebc6eece4ad6081081774d9d556,2
0x50dd57f50a17d57304e7a4f262da30beb31c2e87,17
0x5906f843eae2efe0983eb5f5318294866eda5dd8,1
0x392d4722c6142471b33da3c1bcaf6dcbc5d1039d,1
0x241f57f6670b7c948410cab72226b5f3240a16ff,1
0xad990cc63c632b4e86169dc4dabf0f297044e59c,1
0x024bcbcaad82e67f721799e259ca60bc7d363419,18
0x0455ea966197a69eccf5fc354b6a7896e0fe38f0,3
0xe373029afe4f9270842d17df9d12e0d4c123c9d5,1
0xa80be8cac8333330106585ee210c3f245d4f98df,7
0x3734c5ff3db6378fd4fed019ec6ff347350a17c3,4
0x81b9a5f21efdb5df0210471b9a94e0d4ad9951ed,3
0xb4bb4156e5e6ca5d81041f616c27dffb253b7845,14
0x3d9456ad6463a77bd77123cb4836e463030bfab4,2
0x7c00c9f0e7aed440c0c730a9bd9ee4f49de20d5c,64
0xa6e2e910515e6cf485462eeb6e454df33c60cb0e,13
0xd4442b4c85e54c9e40304eedeaf0d9a5e6a4a072,1
0x379133e8fa411155fad8594bfd4ec8f513be01bb,1
0x713282ece7b1e34bcb88c8f1922561a4ee369772,1
0x14ce3e82f0b4278c2661de9ec6f81e8d8810f65e,1
0x73e788a14e414b2e1d921d966d2b517aa6790518,2
0x42d9707d104056cd2b4ab1596f12f4575828daf0,1
0x7c7d093b4fb96c89fcc29cd4c24c15db0ed669df,1
0x2f06ffb0703c97e1f7bf83d33326d15768acfae0,1
0xa37ed0864991e305648858b4294ce8f5497155dc,1
0x5ef1585f794b5ae4acd79cf44c10b1fa579bf8e3,1
0x7f351f9aa974b4a641f081f38c5a20cd180daa17,2
0x131b2b74823bec1589fbfd7bf5842a765721c704,4
0xce0b4bd6b94707c4201ed2c6dcd242dde9b3c9b0,1
0xe281b9d3de7a5b178961f38a4a31f1a6447304d8,3
0xc1d1d384fd72c72d513c75c164f82f3c7512731c,2
0x7a8d8f4b5c05ee3148b9413c594c02034ed79b86,1
0x27e31356cdacae6b44103c026d020acca4c30239,1
0xf1db8a2623193757317639d0532daa5e3c8ea20c,1
0x4e84a91a450aeef23f0670fb486d55b1d85a8dd0,2
0x6dabf8d750c2c1b8d7fcb93a93989a07afeb1f38,2
0xf7b3226e803b2deda9af1568237be5b316a20af2,1
0x7e3c4a6304abcdf19d8560211ba58af561a4ea92,1
0x1d9d445871b878f870bc5ef935b8069147a5cef0,1
0x6ec30fd91a504aad948839b985c7263888b2ad68,3
0x3fcddb0dd912e6f68927b448546cce99f22a3e31,3
0xf486d56cce70c481b3455af901fcc4f03fee8107,1
0xb67d92dc830f1a24e4bffd1a6794fcf8f497c7de,1
0xaf4e597f6557b285758f9a6eb583e1808fae8388,1
0x0da07e67c2ca3a3cfcb58af115e1c0ed64f69f96,1
0x36a5bc205df1ed65c86301022cfc343a6ce546ff,38
0xf7f7d74ce9fc6626d629c6e90d9aaa359417dcb5,3
0x0220394c5d60520ee28ece172fc6d23217ece8ad,2
0xc96f7911f2bc9aa20307a3a5024ae5e0a63d98f9,4
0x92fab452e2f14c7730f79031906e06326c916946,2
0xf4f488fe8b8dc2c280e1131ede10bde43220f401,1
0x1857034ef7c022c4373370ff5211be3da7ea27c1,6
0x5dd757766a6ff59ca5b31b331530a23c0bc4be5a,1
0x36864b2234877af60b1d57c7c317df3812d9987a,1
0x00084121aec4309cb20db622a28c717720e888e0,1
0x25e3c13418ac4d2651cff4a5959b77a5f0110c95,1
0x290fbe4d4745f6b5267c209c92c8d81cebb5e9f0,1
0xe7ba0da73b9d15f5d628bc99a2c014d839691762,1
0xdf9c93b9b6c2304923553768471d1af31b97f799,1
0xc2f87f88df0f2c602a9a7dc2e89cecdb9790d972,19
0x93d020b0c5158939274235ee9e670edb9612726e,2
0x9dfc5a0cb5c30186ef4abaa48179b2e06e24966f,3
0x2c4090a54bd6eff78bcbc0b49ed17e0f152389c8,1
0xcc46f3c48c1f66f6b2d0710385618da93e4cc6c7,1
0x22aa3f5d1daffe1a9df298e79a0cf2f98c1b92ff,1
0x704c978d50590b21e4c2f43eb4da24fe61fcd707,1
0x0481ac68cc3cb70f71c537c9cc14a6ddc29881b1,4
0x53dda0a69992b87e51f0f14b1337281f09a2c8da,1
0x9f080f67569830f19dcc0056ad3b5a4d57f431f6,1
0x033b8ffa05ea50b3fa7563a6d0115ed77839fc5c,1
0x2044f823a42024aa09c1534a14b32fbfb97bc342,1
0xb02690b16fd8696ef13a63e3272404b3ea12d00e,1
0x7ccd2ee72a75f7e4776f598c1be11a119fd8d191,1
0xd41d359c4ee038b75d273f17ad4b3e9c68a86442,2
0x36e6291a5611e11f45df8ffc3402bb6ff44f3427,1
0x64d49aa7485de5f17e107339cfc5e1686ab8cf78,3
0x3db26e14009f3e14ebdb5a80e2374e0afa1f6681,1
0xf3860788d1597cecf938424baabe976fac87dc26,16
0x62175ff2a8dac4716b1c07323f1cfa97a335a4e7,3
0x962bd5b036e325f37219cd84c2c58b9f79d7d4d6,1
0xce2bec231cb2f2edace848cecc436015815b3572,1
0x963eb0638a2fe075269b4e83f886e89d855ea4a8,1
0x48d8bbfd42a5c39473fa17abc21f23b536090095,1
0x56178626332fc530561535eeaa914b863aa455f2,19
0x54be3a794282c030b15e43ae2bb182e14c409c5e,2
0x9ae8912ea6562957043c8d048641aa9b450c397f,24
0xddfdcb21c935e8432a559cf689c83695b27a4177,12
0x6f1174eba93773331f14c3f60ce7e3a69e2db627,5
0xeb4bd5231274aa4c2b97a4fa06bad9ecfcdad5e0,2
0x6acccee5fe331b1fd9bc2363c7b5a6dfd34e4426,1
0xb0dc0c7a91c34ac1698f9e7ec03104bdb3b42de3,1
0x769eec21a305b62a96bb620f5f8168cd294a6abf,1
0x4a3e3f2ac93042a613efb31a9336a309754a0fce,2
0x1ae6a4d3078b951438d1aa64de6c1e4e033913d6,1
0x8f5526328eafb07474712a361259386b0231813b,1
0xd3cd153156e97638b7fe71a8dd4a9a5c3a59a020,1
0xe75021660e00a7fa0df1b97da13ebabe6d82e7ea,17
0xd191b13d8f134f3d9dcd5ab57e879d41f088480f,1
0xa02d922d569f316175502844e10f37f6de76a3c8,1
0xa9cdf0542a1128c5caca1e81521a09aec8abe1a7,3
0x5e4bfb9b304811615b50bb6d711feac57cfb0560,1
0x106ac341e36e9ea5e6f5a439e194bbfd99c3db64,1
0x2978f0e4475c32996eeeba4d0e69777f6c8e5ae0,4
0xc8c4ab6e1e7dcc4e2957244baba86ed937dc0ee8,1
0x70f1916f705257f9019559ca4df44363945941b2,1
0x00b278dd68f9d8491795ffaf771120638bef1686,101
0x7db5255041e2058bc40d0b07c8e36da0de37baff,2
0xa32f90b21d11561d31ff604745907acc77fb67e3,1
0x56610aeee7a6f5ead02c6833a95cdbbdac7e17d9,1
0x73ee1624826495fdca90e6dd1a6e262a598b5a1a,2
0x0bb14d47a450e1a5641ba39e94a9b8b892794afb,1
0xec6d36a487d85cf562b7b8464ce8dc60637362ac,8
0x4f764a08c66251e13bdd85b4bb0652b739736328,2
0x20ee31efb8e96d346ceb065b993494d136368e96,1
0x04ae2f0bda04f1405991d91c2e8420d6148369ea,1
0x3e099af007cab8233d44782d8e6fe80fecdc321e,1
0xc08be15e7aadd07a9882aa710df29b7331aa9334,34
0x4649941b72d28fc534cec775a6f35ea1fa4cdc63,9
0x0d3ada2a0e63631e1515c208998bf63ad4882cee,1
0x8be6ad79f67d1b76eba486b0ef4fd2c9bd1cd067,26
0x8f8b4759dc93ca55bd6997df719f20f581f10f5c,5
0x828920ee37fcf523a920290fb9e23b3386382497,2
0x5ea9681c3ab9b5739810f8b91ae65ec47de62119,51
0x300fd0106bb51891b005d778807856b3bfd3fb06,1
0x27c79a01878962ce0b6126af6e184c06d36c8f37,9
0x592a51330f1e824dd71135d3adc18d56a7bbf5df,4
0x7e86d59a71189cce55f692b14ef4bed389ab2712,1
0x0f692f4a862679008bbf48cc0a7abdff12908f79,2
0x61e193e514de408f57a648a641d9fcd412cded82,1
0x0c54a765c77a88d9cda0bd7ad9b10422848d92ef,1
0x000001f568875f378bf6d170b790967fe429c81a,5
0x799e6b89af6dcd161c12ce1104f5bbe51b6889b6,1
0xe10824fd1ffb9951215025eb26cda42d2d8d9c4c,13
0x9b80f044123c90e28b1ebc486b422975e58ceba9,1
0xf5f26a6041f27377d9488406f60a26daed4d4c20,1
0x163ee09deeea9dab68df0ae49f48c8e07ad54aa2,2
0x280bf69d522bbcfb3aeb138c59d85a16e449057c,1
0x96b48fd894501e212588121e1e9d7c76878032a7,21
0x6b9b01493896a1879cd4da1232c0cd95416ef8d3,1
0x3ec0846b346df271a5352d34da5eba5c5820f79f,1
0x19f23312627e560ea0199345782528686f1f3968,19
0x031c7807637ecec27d158bd4156c954e682a2f54,1
0x2ba7f9d560bfbeb91e6290c49d05550385b311e3,3
0x696ed7b26f4b019ceec78dc8b9140ad64a6f354b,16
0x39ba319c2e57a31807ad1eb7c4b0b8e68ace7c0a,1
0xb3cd42d4d6f0124bc803813edda6d84c7ffdcdea,1
0x087173c12ec250a105aaf7cdc57d36958ee8c27d,4
0x4947da4bef9d79bc84bd584e6c12bffa32d1bec8,1
0x584cdfdeed39622ef121ceff65f10a8875bea115,21
0x50664ede715e131f584d3e7eaabd7818bb20a068,20
0xa83fa9c834bb5abe25f9c56eb5845b3203df94f2,1
0x9fc304d9daac980518c7f72cbf83db0c9137c451,1
0x65ba4f92d7dfa813ddbd849d9faf38a723dd9b12,1
0x8d5773e7edfda319888e98a460ee2760d2dea3c4,1
0x88c50035b55cbc584a1b7db517e11e2d24a2e4ba,8
0x1d4b9b250b1bd41daa35d94bf9204ec1b0494ee3,2
0xcde1603d59fd03d29a7c5502f090a0b2c9794e1a,2
0x88bb89f753ca9b7babdb5dc87cf1f0ecc1276444,1
0x0e616785638663c88a493a82972e2f9cadaab4bc,34
0xfaa55064941a5f4d3d080686649d8c8437541741,3
0x8e668a4582d0465accf66b4e4ab6d817f6c5b2dc,1
0x324f6ead99aeda8b0083a4445e8df08a342e22e1,2
0x6611fe71c233e4e7510b2795c242c9a57790b376,183
0xee8eeec3e7a5ad82827480a9e00d01b1ec0a9f3b,5
0x4651269d6ef428f42bb9d85a64bac54de6112283,1
0x898f647797a886ad337296e6c1078e7b51a79f05,1
0x196e1737b54d3a5763d68c8164fe8a915476f5f9,1
0x000003e1e88a1110e961f135df8cdea4b1ffa81a,1
0xb30452beca9c462bc6773582c9e0d70cc60e7321,2
0x50aa3eaefdbec5fe1fba5b419b77126475188691,1
0xc948454951290bbb83e6d56e6fee5e9653750e7f,1
0x4ffe38115e278c6cd335f12e3c325bd5cc907de7,4
0xdcf227c475a43c82a4ffeb133729d6ce2f348a92,4
0x41497f8b5f70771a471ab9dbe0136d8b8f8518f7,10
0xd88227fc237177a9692e1fd34bae5d4aee7a9e7f,1
0x23f28731980af955bb97da67cc9e2a512ee5157a,1
0x7f208e6b4f99b3481eca475960201fbf392c5155,1
0x8a4f86fa90e457b7a7afaf1d0f232dcf86057e9f,2
0x9493c461f2fc4418334ed5a251546dde23d1c6d6,1
0x41eff4e547090fbd310099fe13d18069c65dfe61,2
0xcc47fcbfdd6e558fb39cf5ef4d92e59890476b86,2
0x5cd16d76f4394a8a06c4322d76de0409323831b5,1
0xadc229c0dbec4af386ac7b96920369f9770ee6e0,2
0xa7d68854ad6177dcd2195ffe5530f390bbc08bfa,1
0x94c1d7488476e08d1f2e163b350e4f5e7e667aa3,5
0x1757d400578cf8a2f3da8228e4402fb1bb3fc968,10
0x1d337f7e2974282a4e1567a1af90699f799368d2,5
0x6ff0be40314fdf5e07bcba38c69be4955d5e6197,6
0x8fd581bba3e9e394a2a125453ea25421f025f4db,1
0x4ee1f9da5028d1dd85aca765f405180186572e81,1
0x44b6bae035f67bfa1853a32b9b98c7a95a00f4e4,1
0x4d0eeb7982f93a63142e1c37740fd833d065c289,1
0xde62377a6ccbcf6d5f2b33c743cdaebc129ebed6,3
0x1e341aa44c293d95d13d778492d417d1be4e63d5,1
0xab6ca2017548a170699890214bfd66583a0c1754,9
0xcbc7d0ff51d37b60ba741bf566496bba53b5eea2,1
0xcc7c335f3365ae3f7e4e8c9535dc92780a4add9d,161
0x4874211da929dd87e28a4267c4b96a5d0ccf48a7,1
0x298f9986d957a41e4b975adc3a18e0245d65834b,2
0xed2d1254e79835bf5911aa8946e23bf508477da4,2
0x0fef20246d9a83a13baacaf907e4cd7b25be87a5,2
0x4c3f9010c431db16bfd05a224e6dbaaae1429e18,3
0x5ad2d727cfa73fa89d5492f2b0292ca8df7b685e,1
0x0ec348908ee90adb46622bcb1ecea7f73213ff34,3
0x7b220358c3ec9ec03b08120dccec56f16fbf33a4,1
0x591660bf3ae48260bd21aef41e7dfd795fe4406a,2
0x6cc1483036b866ba7aa29de212c9a836617d5d43,1
0x5b94544f4ca6be814f5de0dcc7953a0fe6f2b8b4,6
0xa6e1ea6de74bdba3fccaaea42c40a15512326cbd,2
0xc77fa6c05b4e472feee7c0f9b20e70c5bf33a99b,1
0x4059457092cc3812d56676df6a75fd21204fbe2f,1
0x387af9df1a190cfaf420a0470a55f5ce22c5d356,2
0x2a3f7e5170ea8ca967f85f091ef84591f639e031,2
0x2206445d241ccb7dae93b2d2acfc67f75b90fd76,1
0x2e5ccffbae934a9cb7e061fca7af01946e4e550e,4
0x23f7077bfe23daab907db2b804187c734df3482c,2
0x546149cd490c21c35ee7d6c158879d2262611623,1
0x271f35ef6445c2b2fa432d217bf3bbb13dea0634,2
0x8410058c26cf4c35c950b8c4f4ece56fd61a8dc9,1
0xbd9b7373aac15d9a93c810df3999343f4fe1ed88,2
0xd28bfaea8c886ff6424141278a928f3cde2741f1,1
0xc91915d01bb96ec08b9b5fd767034de9cd390f17,2
0xa4b120fdb2fd946a67fbe996cb650dc2cd7d55f2,1
0x2afa2dae85a779b6098f03466c2a29d5a86af707,1
0x274a8b99f93cebf8a3c572b69574aa647b03794f,2
0x968fa02ec46c8f32807f28455dd4c96212c9c7bf,2
0x35d3a29b0356af77c03246763a497759108c2e8e,1
0x658fe4301332780653e15a498a5e6c7c8ebf8603,1
0x1f3911f4f43671d187a882df129773a7261989e8,30
0xc70a09dd6944cbb4ebd02db4fc506d407b095a29,4
0x5cda7ec9514b4f595992f0f5c4290ad6fd09b71c,3
0xcce3d3bab0199de9a23dd1c16488a6064b7f8dae,1
0x4edaa8c329f1f72e10a64a3d7454fa277332371b,2
0x3e4399b25b31e4b2b02268da9b51aed41ca305ca,1
0x1649b2d9e4f2507ef3d8a44f7266a25847dc5536,1
0xe8723d26ad5f7ff4ea8902d235f0a8f8b8802f6d,14
0xd271dba437a363800eb9d8b6479216490beac97d,1
0x224ce899f5124ee40c1fdcb791383e628a4caae0,1
0xa0678be2dc39ca452585927754b85e09ed1cc288,1
0x011554ec8d2c4e7553a980cd707ac0c10be7934e,1
0xebf1db23ec6b9d13d74db415efd77f47b3b5df64,7
0xc9d483b27701a1299c09872b813bf9cb8251475a,2
0xe8aea1bba7aec9b7a4522e6c2a96327964c217cb,2
0x655d3635b4cb15114c5c3628b78a1a44fa7351b3,1
0x2ecbb905fe50b0a372d9060187a3c4b98f2d5254,2
0x10ab9336c3bb0de313f8dad46c357d52539b6a45,1
0x72f348e756afead9a3ea3cfed0612e0170bf367f,1
0x82bb6b5e92e1143fc03ee468a7ba9df8e955f7c2,2
0x4ae392c271f0935a7c1f75be87d08a168536ff84,1
0xc4b9d206b5a469f3dda9b7f9a2a00670aa5d3bbd,2
0x05e2461c8c10138aee241268f28de6003d3dbadb,2
0xb73d349494f646e04e6a2a0e2696fde68c962fd5,2
0x72ba1965320ab5352fd6d68235cc3c5306a6ffa2,1
0x5f18f9082476846b84d1e5198147d3b04a58a785,8
0x18a78064574198ea49a3892736d35ea7a99aef19,1
0xae43b2e277401afabfb50082c59a3e9040e03ff2,3
0x2d6dbbe8e304017897cfc6fa91c9dd71b91b62a3,1
0xbac42c9b32e574f41b86e20fba0cf479a5a1ca58,6
0x77a193d34a533feefda978b5a6ae7e586913069e,1
0xfb9a278919af28649c5d7ace62f59d7c9355bdeb,2
0x02206509a713e003bd099fd12a2edfef9af84665,1
0x91dccaa260cc4616e1a6e6b693db7207c5e42937,1
0xb34860f27167ed8110991e04e3e7177a58c74401,1
0x00493aa44bcfd6f0c2ecc7f8b154e4fb352d1c81,2
0x24c5eba1f94b34efb3226ee3ae06884057752c2a,1
0xa90ee75e65b9d6b5fb7d8ae48a5e2bbb97febce9,1
0x0b6e06756da0dc2fa5cb07313c74a95534d7819a,1
0x78f0269f5b1ca914c8c58993f41181f89e212b27,48
0x2999377cd7a7b5fc9fd61db33610c891602ce037,6
0x99b2531b219e7aad69f785d15d9ddeff577f2762,2
0x88d3574660711e03196af8a96f268697590000fa,1
0x90c476355205618fe342abfc4555226cd8e41879,1
0x0ad0b792a54704dc7b6f85cbb774106d22e814d9,2
0xde84d3a95527a702d1505272a16ffdab12fc451e,1
0x38740516f691a66b4c1cd9156e9434c7915e73b3,46
0xdce0992e4579a5239ca982ee3bad13faf6df89a5,3
0x5cf9628babc94aa250aac3fc414e5c4eb4c0d000,1
0x51ae02668e57dae6a8f0c9d96ea308e37e7c1dbc,1
0x8bf6efbf66d881c23a584140e70c5c5d428c58d1,3
0xf1e1c701b49b1dc2405a9e8ef40f9f88802b80fa,5
0x2b290f41af8e0e6db68c0d8325394d8935d1d990,1
0x180669310d089fafcbee40479ee719752d680d4e,1
0xd9fa295d29f022d34028182329b051cbceb92579,1
0xfb184169f71d632377f8e14192d3098ba2c1f006,2
0xb4a8bf692110a7f66a8bb8071024ec148cca80f0,2
0x6e513ada916670389097752d05bf609d1246b4d2,1
0xe5442041fd024bcc4bdfaa0a28ab941150ef8637,2
0x5090c4fead5be112b643bc75d61bf42339675448,1
0x475566f2b32f98a8fb8ddfaf184dc522d0701f72,2
0x7500af1f7f829fa7a7fe4492e66b5bff5c05f3e1,1
0xc5faf10fe84467422a78c39e591bced4f6c71462,10
0x32cc2ec897f21a77a704e9a7313af6a640c47bb5,5
0xddb92a96054132801cae3943b2f966fc2c308ac8,2
0x3fcac584d0b71a9564602c1f0288ec1c0d9846cf,1
0xfec1f004db614dbac70d585bce1587463066482d,1
0x574d479d8cf0437b440ce692dd7c8f07c4e9bbed,1
0xffe6788be411c4353b3b2c546d0401d4d8b2b3ed,1
0x340dc2e57d64e4f8a7010eb347fd1ca1b18bf935,2
0x67b7e2d101583cd9e7f958340f67253a9b620db5,2
0x864ac1e4031e7ca47543d9d56a368025eebf222e,1
0xf837045a01a0283409b56dea4b4ee42eed6e563e,1
0x6095b7e31f66a0b430fe510dd19c20da0b6edf26,4
0xbf8090eab036022b7e0c77d9e34793f1b756d94b,1
0x9eb4d8c14a49e8625ad7fb5e6e37deefe7dcedaf,2
0xeefec5734f649fd1a356894319d3d7393b6b0f8b,1
0xb5696e4057b9ba76616cecb5a537eaca7b3cdf54,3
0x29153510ae8fbd3b6ce1a0e3e2147f5ddf3da23a,1
0x6a43e60d5520912d20f19eb29a011e82a6ee50ae,1
0x28784d9a5052ba0b559d457bfdf05c24d7598ed7,9
0x91bccdb2329f7163f7d12624e782f05c551008f0,1
0xb813c62ad216a274057cd602ad754e3ac8b914a6,10
0x7779756dc9f66a5f769f34bf0918d6c180783bd7,1
0xd2e760420fb9971274c10ab22d2ea9c59be322f7,1
0xb34519875ef21a74a3a5025b40b96288d1717f20,1
0xeee5eb24e7a0ea53b75a1b9ad72e7d20562f4283,1
0xfa1c022f5aa019077a480a710927ab56d6eee640,1
0xefa755b82218dc287ed37bf6463c144ae6609076,1
0xc0549087333b7972088f3aef2b07eacbe0834b44,3
0xee3766e4f996dc0e0f8c929954eaafef3441de87,2
0x727fb80e6ab480c1cd34d55a63fce6395df7c642,1
0x7d7ea735b7287d844c3a9312bc1114c6131781d0,1
0xc30be7a56b45a3016e8c54023faa39ef4230640f,1
0x30e924cff3c2a73b153d1c935819d752c555eaaf,2
0x5596fd0cd87a70aa9b8add9640ec33aac08177e8,1
0xb394f1aa30ba874df3ae6097bf4c2474b2d8f3ac,2
0x85c0c90946e3e959f537d01cebd93f97c9b5e372,1
0x19c3645187c6d493ac45caa86aef845a6dd05285,4
0xc61aa3a9cc5feccd8be36b86deae2f3bf87fa11f,2
0x362b352a984564edc0d899c46237a49d716d161a,2
0xb6327093558b820ceafec01d2a747b1bdbed514f,1
0x7c453212b25228c25873631140d063a8ae722cb3,1
0xd94be559c07539ad8f303e3d20db18d007d72591,9
0x51b8c0692da139c800cfaf4273a2bad22ee6cc55,2
0xc5e38233cc0d7cff9340e6139367aba498ec9b18,1
0x92cfc1c067ec6259b9019ce897d9035a01b1b750,1
0xa04ba11f4ae6d3f456f4600c3ea09dc6388b8a1b,1
0x83f5eea3ba341622c7264c3b2214d6a4f6a9717a,2
0x38e71c42dbee9b368f93c1278b8ce0b4aac44b29,1
0xd9c61c6a41cb78ee8124111be112d352a7cf13c1,2
0x5cf8574c6a0ee0cd2069fa8c687dca5644637c01,1
0x3f8b5e08d8d0eedb36e13c3ed6bbc7350acceaa0,1
0x289a0e9c051262593c742ea99abd996cc4aad1e6,3
0xaa584127b91100dde6b52228c28848a7b1d059c9,1
0x5cff885b44ef459d9c9d969e7a7bb8c2035fd86f,1
0x3dde27c2379440a62ac40048e56eb62c57f80977,2
0x89621b037cdaf3629ab9aa6079fc0bd77dab46fe,1
0x80e2df6a4a90a894987370c09232004c08fbd77e,1
0x01076e09dcb258c16537670307f9bdced007bf37,1
0x429a06d10d0235a57ebd00e6ee334278eb385c94,1
0xf12d70c84a696d0fffab90e3ca2e21e4d4b8be34,2
0xcea58d938f3532df8378f3699c327a9f7f485bd3,1
0x5ff57fe847a6fb357d6765ef7587c057c4253cc5,1
0x9de43abbcc3b08001e8328fdd0bb3d30f6655cef,1
0xbf8afa76bcc2f7fee2f3b358571f426a698e5edd,1
0x038666d86f8c758842269915e2df6fa4ac39ec92,1
0xcc72f778eedd8e337e6cb58ca9ec8ba2912e71dc,1
0xb596b66d3f75804b04d99c4bdbd2a75d58e1c919,1
0x99e0ac84b590cb9fcc629fd7b6a4cf5ff16de051,1
0x384bfb892fee00d3b4f72550d8ac4c38224864f8,5
0x671f71bb73453e63a51a90bd3dca23d07349ceb6,2
0xba942ba205ddcfbe56eb3fa0d1e325b4c9a9638a,1
0xae48f64abeaa92618b8180c0fd33caebfed42f2b,2
0x3fb53766072d62db92ed857bbc560a1f63f1101a,1
0xd311db4728345d6c153fb6ee51f2de64309bd151,1
0x79804382f29aad0e3f43f3b50ba9d9bb55ad4cab,1
0xbb94454697af498c3b1fdce3de65bbadf821cf0f,1
0x9f2942ff27e40445d3cb2aad90f84c3a03574f26,1
0xdf5e762e7fa87709ef6b8e004e7af938195eef91,1
0x4de20e4fd38430668eec7c40b0f20d6b75b24960,2
0x7c5db18fe5954a14715507c8a01faba69aa770d3,1
0x22c6494fbb4cc0c2c7bc6b7d5452b501e4da063d,1
0x18ee9cebca35d323068e5edc5b41ffca11d605b9,12
0x2e2dbda311f6b34a2a17fcdcecff86597c6bdf40,1
0x2ac0757842a29ae403a33d118f3a6a1c5b149293,1
0x5a483c063b6b2b4f0baafbfe799a3504dd477dae,1
0x171f44a479cf3d9ebc7d267a80b7d7be7a45aa28,1
0x4b17bb0d1f75636ea4c677377d29e86bae0038b6,1
0x3ff68ef5a732573d41c03beffd446eaa14255910,3
0x41dd2c43724609fadea8e05e46f8d7b1856ccc34,1
0xa5d0d51671645b1509a29bdd4a282940a6de8e76,3
0xed98464bda3ce53a95b50f897556bede4316361c,4
0xbfe8270d85cae24420af050ff74c735c0f218a29,1
0xa8c18e2a80abdc6ca63088951ce943a618d3bef7,1
0xab4cc1cca272425094974bf3d65dc7307090144c,2
0x904c300929fe06666c51c335bbe38d57da7a04bc,1
0x6ef2376fa6e12dabb3a3ed0fb44e4ff29847af68,31
0xf29155745c8ee222d4f7d6a2a7a50c1901f27de2,1
0x25b606259384992feb62172bfdca3ad77d366013,1
0x3cf522a0903379abd46387f5b6ff4b4a7ddb179a,1
0xef784caf2d2001fb8fbb9678f9a0a1b83cd582dc,13
0x247a71f45068615b9e393edefb18eb4dc8cb7239,1
0x983ace1279d38d295577d38fb7150bae51baa5ff,1
0x2fa9e3da421962ee6f66de60e66cc0cafb37c721,1
0x2453d81bda9bf745bf1a2850285f22cbfe3e873c,1
0xa40b66e14fa9fc3992dc29b4179d21ee0909af02,2
0xc2592fcf3808788289ec9871ffaf6fb0ea54911c,1
0x49fcd439e5bdf6a3fd21172eaab69063ac3768bc,1
0xcbb9ab939e21ceccaffe2b4c0591255336dbd9d8,1
0x0154d25120ed20a516fe43991702e7463c5a6f6e,2
0x26dee656e7d761b01fc624da3f3fed66a2921efe,1
0x5b93ff82faaf241c15997ea3975419dddd8362c5,1
0x0921d88c612ca10aaa15a706540ff88de1f0891f,1
0x13816f65ba8195768e6825eb774fd3c6a05a0ac8,9
0x151dcb7d7c0bae08ff0f99469a7a03470ca9796e,1
0xf90bd2a4cc3c5814a9c4ad8809ecef42f7a7c659,1
0x32dd0756316b31d731aa6ae0f60b9b560e0ed92c,12
0xc04f55c388f4aca9de1e88e0617a9bc3ecef0885,2
0x9260ae742f44b7a2e9472f5c299aa0432b3502fa,1
0xf6bc89cc57e33c4e8053c4d8e63b70bf8c47e1a1,4
0x4564d4b31de74fc0b875db03e779efbc9a2088aa,1
0xb53349160e38739b37e4bbfcf950ed26e26fcb41,5
0x4fe5d0b4b663e36dac83bcecb1e25af2bdcad725,1
0xced2662fe30d876bef52f219eeac67e2b328effc,1
0x51eb80649810abaf37799ec8196db3dbccb3de34,1
0x2fabfc888071c59b689198907de054b5ca3e0ea8,1
0x975fcac1b4030ef5b5c319f972634ea6fe757998,1
0xf1670f281f1d4f5209bf2503d479c76127d582c3,1
0x3aa8bfc76e707832e98250411ff41bc09dfb12cb,2
0xa15084e5c9649d7f833e91713a7f0e56259656fe,2
0xa56245c628674096cdc339a05d01747ff4f72e7f,1
0x7e23a0a9fd1105ca4b1dc9b7e0f0aab3b7071caa,3
0x6cab4d8f878c6ebafb058b03a44cdd51d09b6aa1,2
0x08cc3f20fc076ce12867faef7d9e4048a2bcd561,1
0xb0623c91c65621df716ab8afe5f66656b21a9108,1
0xcfc50541c3deaf725ce738ef87ace2ad778ba0c5,1
0x1b143eff96f52ab0619a0fd0b9977ecf4698e4ec,1
0x3dca3617acf5e7bcb94ba33ee1d904a38ba33d9b,1
0xc272ed09c636edb6e858fa8702c182406185f1af,43
0x5293d871908c664a418128341a1700b0f00e2d2e,1
0xc57d03fa9e2b427f892af4eec33b3060b169f8dc,1
0x7e2d1cad77532072a33cb6e40c4eecd4d96b6cd0,1
0xf2626eadce87913c29e63b95e39552e1bbe26b44,1
0x5e1b3851552903dc614d48f91748313c534c74ca,4
0x391a1f7eaf6b8021e9f5830c9065de0d57178665,1
0x55372173689c288552885d897d32f5f706f79aa6,1
0x0da0df4be467140e74c76257d002f52e954be4d3,14
0x38a161d47f01b375f505fcb13e73a315819c7eb3,3
0xb09861246e4149afa18581449c0bb6d4f56bfee3,1
0x59bb7bc404ecc382a5f635c3f10331d0df72c264,2
0xe73b3da074c633684781f98d84a7457aa4c25588,1
0xfc04833ca66b7d6b4f540d4c2544228f64a25ac2,1
0xf9963dbe9438a5ecb62e5e7c2c081c3d12d48dd5,1
0x074e3df4625366914cd253a0bb4177c2c84540d7,1
0x4dc9b9ba0bcaca44515e23cfaa9cd002378e3325,1
0x032bc4ae933329d043bdd54bc91287c90665ce68,1
0x436a4adcc41eb18552a4138236041e8d4c575d6b,2
0xd800fc90efa8532c77ed14102f8280e904c96598,1
0x0a383e69f43bd7cb5476fcedc1df6ad9d4b09cf9,1
0x7b89cec7b0d77c9140eb28368930f77ffc0c0a3a,1
0xb4b8d2f1f52d9d7dcc629941735816172e774fd4,1
0xbe6e23ba37ba18610ccb843b914b4593dc54c2b3,1
0xa2dcba7068d62bf5389bcd1a11cab502a2d3bca8,2
0xec9dcfe885d3baa0410f2415c99e6d96d4f68920,1
0xdb86a25411354cf3ccde05038715f2caaa244436,1
0xfbec675e1e17d21dc36bd827cce7df06c897ffdc,3
0xf64f0e46f5b19aca805dd8bbabe7f23a51c565c8,1
0x2a686bec188aa48653c3b3aa6c7d90dc5d5f3291,1
0x834bd42d09717b4840c904ed712a7d57c100f5bb,1
0x06dc1e279bd44a5c3900cd127dd736e9349303a8,1
0xaaaba02c6b904ad70b3566d5efac65253d1168dc,4
0xc5488b269195dec900d5a1d5b323457815d3ab1d,2
0x008c84421da5527f462886cec43d2717b686a7e4,7
0x343ad7cf0b4ee69822caa5a1e81466761f6d1607,1
0x8f6b1e467fbe74d7dd43d59de0558f693c736798,25
0x61d9d9cc8c3203dab7100ea79ced77587201c990,1
0xf6852df0c0a18ac3a4cb4b5d470895f86d3861ce,2
0x6a2840a37e5b1b4a0273ae135ab177e56ec668fb,1
0x12dc0561e618f658bc13b83fa88531a99dc1c2d9,1
0x3f3fb579b751c29780c91221dd3021d42616cb1d,1
0xa7eba7fda7e463c5509519edf03137c57f3ebe73,4
0xa58ff195a0294e352d1e6b3bee317909af6b66e4,2
0x4d1572ea399cfcb0a4b25b364df2c5ba68697e18,1
0x167f15a15a7985542dff950e57e6736b607aae85,1
0xac13adfd264df6151891d261a3cae43e1fd0a8f2,1
0xd9d8a53c75c3f86ef4937b912bf19624b647c8ea,1
0x3f17244f636f12e4324717ba47848be81d6bcb35,6
0x4909cae17fd925dbf1e109f219417f1bc86f02de,1
0x0dc1c59c74eae4b4261a69c9ff6297a68d52a710,1
0xc1ac1b51c4fdf8739e13846e7116846ffcaaf374,1
0xbd17e0c2d7ab5cc7c3aeb00219c9213863e44084,1
0x284660456037bd9cc9b94d6b98c536e1cee30d4c,1
0x8bc3332b8bfd8fc73d23ac34f386991ea03c5398,1
0x1716c294b7ca46143ba130cc592068b8e8d2bf2b,1
0x3e1f1fc109b0130a8ba13a1546c713d030b8613f,2
0x50b88f3f1ea8948731c6af4c0ebfdef1beccd6fa,1
0xca65d025a73b359aabc61464b71ed8110c14ab18,2
0xb3e7355d9535008c186636f946daf9ed0529e827,2
0x598f44b2d38662ba6a65140eb8dd1cbb2e366bae,1
0x3042887f97821ec36be64d2677efd2e943a4cb0f,6
0xdb2ba0eabbfe920d4e501dfd92d6667f512e5870,1
0xe03a5189dac8182085e4adf66281f679fff2291d,1
0xad7b766f95c134880eed85c639a860cf1c4ee25b,1
0xfd2ee19a408c87f68ca8881bcc218707777c1b72,1
0xd26a3f686d43f2a62ba9eae2ff77e9f516d945b9,1
0x471ccd726115991cbac31c8f724dd988fe05a3ac,2
0x42f3f76ba5202d7a4c48fd428b5613c657689bcc,6
0x4899410edb37063d39fc66e1e6f1025c12df5ebe,1
0xc69ae428f6049e78d445f053d2c1df879c59b34c,2
0xa80d50571b82eeb4cf284d78230ce76e071cbcbc,1
0x950ec370050aa46622045edbd7d1fd22e9ada5d9,1
0x3ef5f09c6c3b83a48bb8d40480d93eb9c76d9501,1
0x5deedc2d76ab76e65a2fe301fb70b1020b0fade9,1
0x40145f291ce127a7dcd69e4e2b167977ed2ec79d,3
0xd3d360bfa8b20252a6f06ad59d3cbbe13e57d335,1
0xbca2cf5e09748e38abd5091559ac95968d26b949,2
0x90078dbce08a007470c8e188d61a96f4424c8c9a,1
0x382681f262e3ab062c89298609372b6ae9d8e52a,1
0x4682aa8dee36a04933b0a06b35a388b96b1adf66,3
0xd7a7ff2cfab5b22a731447ed08d36b13d433d436,1
0xa2ef16c4db9946f38bf44d9316c2070375f31f9e,1
0x0c8e854729144ab6405939819f461764647f52ed,1
0x88810436096cbca24b61c76153d19cfedd0da35b,4
0x707fab99299e0ee5df2ece08fe4f9e3b41ed68a2,1
0x149b79c5a79cb53bfa73a518c1467ddb72215648,1
0x6336fbba58a55ee3cfc509047449176979ef044b,6
0x4223e128a023ae427e0153c982794045319f1e76,1
0x6a0ed38200992e2f456c3e9cdf47d4f020ea938b,2
0x08668be6da9b57172178711126961c26f1bb86b0,1
0xfde36cbdd65160bd83541f060f44dbafcf0a0ab8,1
0xb0161d9457f9e4ebee1bf700daa0001126158c68,2
0xeca588e75c8eb0d2322f52c2c90bd525c5a5d93d,2
0x09b6f9717e04224fb413e0aba09ea72b7c0d313b,1
0x8b79b9bcb5a97377b91d22621df2a312958b13bf,1
0x6301add4fb128de9778b8651a2a9278b86761423,90
0xdd23abb2227b4a3add86051810e03791f41c34e4,1
0x2e2e26ba38ed22a604d90eaac2226e42e0621b0b,5
0x23b50b9815eedd4e2de9227aa462144b548c34cd,14
0x1d45f16967a6b5c485524e67868105e6145846e3,1
0xdc546f477f273bcf327297bf4adcb671b5f20be1,2
0xdbf58407556c99ec0ec743f4c2549fcfa467fa67,2
0xed5bd59ae895b737cdc797bf9f23ee57d62b8ee1,1
0x6c1ddfb81a3666188267296f10253a5a9b5bae40,1
0x5d18c78f374286d1fa6b1880545bfad714c29273,1
0xf97664376416e9379f2354db444bfe3f00b6936b,1
0x9d1968765e37f5cbd4f1c99a012cf0b5b07067ae,1
0x077777f53544c2b2ef753c19e8fc048049c5ff95,1
0x6887444a5b74b746f56ae08952f4e1b404ff7ca5,1
0xef6d69922bc2d038cb508086846524f8011c4a74,1
0x3224bb579f92f7316011f16ffb404e363d60e115,1
0x1e36a5979c613f52f8cb956638b07602c7e7e1f7,17
0xd55ff85c850b10d000797e0ed9bfc7ef360d3464,1
0x5d4535bf9faf3a27b0352bbe1649a24982d57cb6,2
0xec959f4043c7fa8039cd48362d66d7031a5f31aa,1
0xdae48d7b5c73a95f74caae08f7f92d3b7927f449,1
0xc26a5e0a7f6537cef69de6b035345b636eb6b58b,1
0x288e349f30c23077d1c93fed9d7b31398e3c922b,1
0xb5b84e29b719125f7fcae56eb1fd936a7d9f2af6,5
0x2b82ad50033363fffc3cf001743cbbbb83cdc11a,1
0x1a2f3dbc5d4f019b52b9e0d8d936a769714e0d01,1
0x04796671fe4cab25bb78532f705cf2140b1ccc44,1
0xead28e25ad83ee78f12e4188ae7f8743aa761f7c,1
0xedb309676adf67cfedb9dba47534d0c0e453c6a4,1
0x60d25d3428bff3a3435191be88f2ee923dbe1751,2
0x8eb5fb99ffdfe1c5ca40f6b814997ff3dd18d006,2
0x3245d30c08bb3629d5848b1a440ab8b040eab291,1
0xfd6bf7971c58cb92d14d226cb7840b82f585c53c,1
0x37ad75d01f35a9d5ed18a2642a97f1eba689a3fd,2
0xaf7757416f5216811e9af8dc2a37bdbd4ef81217,2
0xb6d94226eab23ac1602113bae51e0f37d92a50bf,1
0x85d14b5b709573c275b1ca9c1686cc120e9e715f,2
0xcf6165e56c3383978f6eaaf58b314af41569c0f0,1
0x175b49d39c059d764b4d268e66822eb420f46db9,16
0x5bc79d9084b79ab6f522423d4184c1ec3a625376,1
0xb2f4b16595e02a9721f97e3e30fb5bbbf73f5f54,1
0xe7a806e88f6c85782d6fc8c08ef14d9cd2ca3006,1
0xb2546aa63d6cb96611c48ca3c6cb8d577efac756,1
0x78f0a6385028eea69a527d8a3c4cd1092651972c,7
0x058adc6b6c242b70fd212ee7a71a1e35dd742c0e,1
0x0ec5b42d53c60c24a99ef707eeafb50c3de816b2,2
0xef9725ce43853f2be4fc8ea7a61269719b97ba69,1
0x54685c62db8e16b1484768db8e0daf3c644d50bf,1
0x3dae9a20e39430f4d0c3e4467457c4adc3be054d,2
0xac33a5837bb9ad556d1ed646642e371775fb357a,1
0x85e27739b8d3114fa3bd98bd14bea7aacb566fb0,1
0xede64a571cfe98b936271b935a955620f387e05a,1
0xd6e5710c50c2413ae33ed1fc722818a032bf569a,1
0xd5509e06330ca2671f6f60da0ac6606c5e86c93e,2
0x139a0975ea36cec4c59447002a875749ac9c460f,1
0x2b20c62d7a6f51592ea263078f0c4e7fafc04f57,1
0xfae6ff6a67f7a2e0a463ed5ed8b5fa26ebd26fe5,1
0x2ab1735ab09f57db6436aa70676b158ed70a70bb,1
0x4bc412f54d94e8f00502e124cd678f979ba4630b,2
0x6f674abad03b73ea92253a6fdd54285a1ae5bf85,1
0xe38171c839d3ff70147829d843ee8f9794bc2299,1
0xcc8f12c8404b8a603324d0d5df341aa2695e3951,1
0xcf88fa6ee6d111b04be9b06ef6fad6bd6691b88c,1
0x23db0bcb49edba1ae57aafe5367965cfdd9eb020,1
0xf231fd723c167473668bbd04262cda62b1797342,1
0x45c7811c459a43d0c17ef18f33a2c8921ac4ecf8,1
0x8abfcaa233ff45619543f4e10532c2b3292d0c6d,1
0x1f92fc15bcbeb4dd24eefbead8d7aee409f891dc,1
0x3792b43868b491ae27d873b7cc987bdf496b2d61,1
0xca2aa37436c0ca460476221590ee4573b21df42e,1
0xb08be767cdc33913f8e2fa44193f4e2eb5725876,1
0xe3bf862ea7e608c86ce4987bf1cc47e26aa09a4f,3
0xbce3e29641b2083716e023f0bb56635d3062c8c3,1
0x3d8ab45cd414779f0dbc9886a5113a4c863cb8a0,1
0x1e06861976d489da925d58776be57e8a659b45f8,2
0xcd1ab231cf7f0d876c0a99e1209c9227fd6f67e8,6
0x6dfc99cdefd0f2da327b0f31fd0046d8096e955b,1
0xebf02c6e12c3ee119abba161c40bfeead0a06b15,9
0xc41253971d96815aa8331a86045dd72b0d113bf1,1
0x3612b2e93b49f6c797066ca8c38b7f522b32c7cb,3
0x14ae8100ea85a11bbb36578f83ab1b5c1cfdd61c,4
0xc79fc00c3a579170435f64804b3e89fc76bccbfa,1
0xe703f231ab056ecb99c92a1232cc1020acfc72f8,5
0x99b57c09f37a3657e2215afd59f7b4de98bce3ff,3
0xd0fee4ccd4cd8920fe32d24cd4ef8b95acee0f07,1
0xaea8e3bd369217cc6e3e6abddf0da318fba8e59b,11
0xbc20897cae77e9d8967d569fa71adc71128c3bf5,1
0x05c31f9623a5b691f18e60e68f23c64cd708badb,1
0x8ce5d6a77a333feb136c2ae90254224ae63da14f,2
0xa0efdc04e718635da15985ca63c3091795f03979,3
0xb13c08d5a5e103d05dcdcaab286d668638366ba3,1
0xc1894e6a52c4c7ac5b2e0b25583ea48bf45da14a,1
0x1f5a39931bfcf3ed01fd2d33febb1aa385e26a0c,1
0x6f6ab434adabd69a3ddb4f6154ca666b491ddbc7,1
0x470e9bd486ebf96ddf6b38de58f21b0872f85776,7
0x886bdd127a5d951501e8ced32a20050d40210b07,2
0x968e01e5a6e1ae8a103ad578b73e9328e90b8ba8,3
0x0bc95f14395270a3c236ca1e15d77fb77b66c0a1,10
0xaec4075e4fc8ce829bc4f0cfd5e2fa10dd2b12d1,1
0x344edae9362e1ed818e869d458faeab7c32235db,1
0xa307064b05b598c47aca897b1a42f0c84bfc52ac,1
0xfaf95953a36ed1e8f8426ab5b7eb53da246e3476,1
0x88bc3eb0d557ad04280e9815b3ac57a5740d1296,2
0xa351a4fffceed60b6d4351e1b20c55e3a6fb5503,10
0x189083a0d2ba90163ee7a439cdffb73c1603d7e2,2
0xd4baa5b1cfd74512a4243b09b544e6fb19832389,1
0x491be76b1b212ecd63ec80fcb315b4b6c397674f,2
0xfacef700458d4fc9746f7f3e0d37b462711ff09e,1
0x74ec638d8e82ab4e7aacac77ef47a49e735ca7dd,1
0xdbc416d8a787cbcee7fe1bd76b68b6adc61d7ae8,2
0xa3a4548b39da96eb065ff91811ca30da40431c0d,1
0x0a883616ff6baa4dffed6176f71ab20603bf1ede,1
0x6c90fd09846dea88642177bb804363713e741c1f,2
0x62fe397d401d8e6335d70d4e66aa65f4f017d633,1
0x4d3dfd28aa35869d52c5ce077aa36e3944b48d1c,2
0x4ffef8e8a75c20ab0ddf96c50d2457277d27923c,1
0xf8703aa13247a25fe7f3e5d29f05d924a09473f4,1
0xf7d8450962824b752c30549f66a23e3daad69bca,1
0xa0b08b718a332a1b7b2c9a6482ca5dfd87b7ee34,1
0x592234c63ac3c816b0485761bc00fc1b932d18fd,1
0xe22c1d3b82b028eb0ddf481f64df9a077c25278e,1
0x8ac65ff8600810e3470705cacb35a80fa218355a,9
0xec8e80f7bfae9608e7ec926d36390817bcf0c574,2
0x7d85806c589d9e1301898932a32108f15c6daf14,1
0xc35a5fec6be6957899e15559be252db882220b37,1
0xea9724fe1b46b3e397e3b00a62323e49c867cacc,2
0xe5625a6ee4908f67b7024849daf95f8fadcb89d5,1
0xecc1c49196f9be6c3028fae4dba2220839d28e8a,1
0xeb9191c71a1e7970b9b0c74460ed2cc6f05450e0,6
0xb363cf2998adeb558b3e4a1e9ff09b12fc6f17c3,1
0x6feeb0f29bc362db1b9f404d726284bdbeb532fe,1
0xedcb09c4e7f5c903c08cfbb264c4d37bdbc2b56d,1
0xdde8df9a7dc9f68bdac815f493d1d731de911b5a,98
0x5654967dc2c3f207b68bbd8003bc27a0a4106b56,3
0x5b21175a82f112c88e306a546166037d238de684,2
0x87d3a7ded5a811f478f9ee9a337bb9efaae4e9ce,1
0x29664e652ca8f8f2d95de3b33cc0ae7247fc0aa9,2
0x2b88d3a67b6f028fdca7fab5a0f80b85775c89cb,1
0x52ad8f3c506aa25b954276c5456060dad6f3fd7b,8
0xbce3bd3b206946abbe094903ae2b4244b52fb4e9,2
0x51149cd2326173d057ce0abc8184085f39bd8e05,1
0x0ebd1ab9c0070e857541f9add5a909a8971d0bad,16
0xbdc21fae769d7f5469993d8e83b465495d88cfc0,1
0x6ad395677b68a7f4fd9f0f180ff0edb1f3fb6d5a,1
0x88822756ec33b3a18341966c3ab7a201856371d9,1
0x572b4de5be467f6e7210f77940d462b9b8ef3ea5,1
0xefdfa06f9c876a98c3467f1550c690c69c845cb2,1
0x71f06f6bd462aefc108bda3c9613d7e2784d291a,1
0x5b713f9e1e51dc6dd6bd12ce7b529bf9f2df4753,2
0xb277e254258bd06d6f3112c70fa7c5a61fa58e31,1
0x3b6f8f26ee32006ca8a0806494f96c234939c2e2,1
0xb9afc8cfb6d1f447f179ee639e1cfb1f9ac862a9,3
0x30fe9e1972a79f7351749602c5e3253de6310ba1,3
0xc0b7baddb0631b81f305ed41ebbc8518706b0005,1
0xc72aed14386158960d0e93fecb83642e68482e4b,3
0x8883b11c7cc85ca85279c70c69eccc8d32cbe08a,1
0x5b1c25d61edce8decfc0b03a2c7f0d7917a8032f,4
0x8dd94568413e1b758a4b098c10f1afc98fa8a591,1
0xd68965dc81d519e271f7e2911966fb9700a5af52,9
0x90be4e1da4bb2f464576749abac99774148bc9a2,1
0xdf67544b82971a823ba1a3fa1d243a9eea392eb0,4
0xf3016b7608acfbec9df4ae1ead36bb5f1bad4ff4,9
0xc00c2bcb33f0600ee5466f0f7424ce4a7150e7c8,2
0x5994cb6bbd2de9863c07e97663a95f253c202a48,2
0x46fa5d01beb39e1fb594538344e435e282de3611,1
0x8884f2af43bcbd9ab81f7a4ac35f421df1926810,2
0x5e7ab98d1d51960c47214984dd15c98df8a3e4dd,2
0x303662b02e1a08debb95239ff9f72abf375109c7,2
0x90b6539874e8ef189b7613cbcf3f07a694ce4e91,3
0xa88173757486529adb2162a060b6355a90f242e2,1
0xfe0d9af0225f0722305f97e42d4f7f5d700bf8d4,13
0xb14432c8907d14687aeea6ae7ae7ed646f070612,1
0x271b97fcbd218fe66f69d4478cd4e161eaa7d10f,3
0xca86532c9814e0762c0c0f25d172d6b20a35d330,1
0x7a341c8d5f04e55f907c3b1ef5c6c74b5add01c6,26
0xee8dbe16568254450d890c1cb98180a770e82724,1
0x75bb8e994633e83ab9b914576ebc32382b63ec87,10
0xc8751a1b9ed6a5562d009e5ad5067b6131fdb346,1
0xc0f030eac8b588817f8da16b9a2cdccc6451b25c,3
0x59d4fd60a25054bbd6cca11cf43946a3e033194b,1
0x8885224cf8ee256634f628bfef326948faf78ba3,3
0x7f49d2433444ece2e79013afda1c491ee478bd44,1
0x5c4fe960950ba0e09a72869c3d51fe70f07580e0,1
0x2a0b4bdb2492ec4d8ea0015a6784acc98216c5d2,1
0x7f3aff2681ae4c82dc9c755ac9fed7b3429c047e,4
0xd21da717ee1805325cd4f84cbedcddf8fc0a809c,1
0x6ad60e4047a113aae4e0a1cc8f74cf557931172a,1
0x6d5f1fc2799d285f26951ad0d2bffd6a85cb2b6f,1
0xd74f186194ab9219fafac5c2fe4b3270169666db,1
0xeee6587c643be5aa3cfb7d75fbc1e4144d10d184,1
0xdfc05563f947718ca9ebd9e685022a200a5075c8,29
0x4d92ad3932218b0fcaf7605f225af1965d4f06c3,1
0x0ecd8a50ce988862dc0e69a669159036e88ea649,5
0x8234c57f49a272ab89ed69f445cf9ce68406a1e1,1
0x701f373df763308d96d8537822e8f9b2bae4e847,15
0x96762ce4faac4ac1aabc26aaeb1c1895b60ca159,1
0xa2272469c824d2b34407c08c1b377f3027406fea,1
0xfab9b89d9a0317f0f2a0e6643a1c956c66550ed4,7
0x33f848d90d2af11bf7f731a54ec845f85c23db21,11
0x0b4338671b26d40e1177a8a0f64d75f253f15e05,1
0x850b57fa5e6cf7dd624ac9287a2c7c79b342d7a8,2
0x416dbe6fcad7b21300e92ee8a0f64c8064eeb206,1
0xea94c9a3bcc2bf5a3c08e3de1ccc64c6b6049710,1
0x1ac7bb22554e04a05f9e3c8e8978a215af3c068a,1
0x75d2ff2f92056d31b2fb0643a36b0c96a980b3fe,1
0x34f4ade6c3dd2350c021f7cc340f6172ba3c0761,1
0xba3fc4bde8fd35a85606b2d9d210bb647d10e606,1
0xcfbae0fd418b61f563cfbceab3faad56e3a993b3,1
0x655d17814af0c5b0412ee7bc631c66b2c64f3ab5,2
0x1c051112075feaee33bcdbe0984c2bb0db53cf47,1
0x1896d857c57d4161bd38ff652ebd5a360cb71e5f,4
0x2d2d2a1f9bfda0d2364b4d517f862e52fefc2703,1
0xe25c73435702fed11e9c5584ce6efe7cbff71739,8
0xf476cd75be8fdd197ae0b466a2ec2ae44da41897,4
0x997bd6938948e10b5648c871298fd019ef4e984e,1
0x17e31bf839acb700e0f584797574a2c1fde46d0b,1
0x1a8d49303b3cdab215013b3be233b2bb2e0360cb,1
0x9b68df827b723fa0d317a415c1cefc5ce7cf088f,1
0x53102d489d17b09f9e758742d5d1f67e120f10c2,1
0xc330219f80328380a75dbbaca7f92f2f7976bcb8,3
0x5a6dfbe6fd32c0888ba8287494e3cba547915275,1
0xb166dd9d114c59774a13c3291e7d50ec74f23dfd,2
0xece772fe6bb5e9869c12ecfa94f5a6b463ee6cd7,1
0xa9c2066be0c0bbccdd84cd7a689277a64624ea61,5
0xff2854b11bdfd65603a6ae310ca76500e58c025f,2
0x21e10167f7e56419c763c32a070b32705f036acb,1
0x996290c17c874d989d6e3db7dc0b2ef0a9fb876d,1
0xbdeef46bf55395e0bca00ebc25579c73a8f2eb02,1
0xc76df8a6cbf7858213bae55829283172f4643c72,3
0x9b5c8aabf848a89b1378a930d42fb094a7d94c74,1
0xb0dafc466871c29662e5cbf4227322c96a8ccbe9,2
0x13d72a0dc32901e19460527a20890f24be8cda25,2
0x0cacc6104d8cd9d7b2850b4f35c65c1ecdeece03,4
0x0fd07fd59b58e78d4a0469fc5eba3d0787d342a6,1
0x2c35416dc20a19ed170f9eae8b3f6ace4a0027c7,1
0x661c1239aa039803207a95cb6708cabbe4563f09,4
0x655c91025a49e661f0e7bb1aa6b2ec030172f464,2
0x5bf18d616dcd837e0c8ab0208e0c10f9ae2a4494,1
0x074cfe8634ac0731ef7ee141ab30c2dc83132ec6,1
0xa7b6f7f3e3aa2d9d33249e755f62d7e5ae19ef13,1
0xc9c0eea889788294dab328cd87eead2f8cf83609,1
0x22fa8cc33a42320385cbd3690ed60a021891cb32,8
0xf3d10d2e58caa4220f52551bac7b14523d5fbd1f,1
0xf4493a8f3c990fdb79cd0816e534707fa4c40c50,1
0x92041c816fa960e2352f49ac118771307c416a17,3
0x301874ccffa7587ccddf8a6198fb91fb9878fcc9,2
0xedf823d55afaa4835aa8e9a7e2c8437d408b21d3,1
0x5ab5844dd55ab73212d1527e4cf72fea884e39dd,1
0xca731f5162a1c327a3a4a808a7919ec64ca84c0a,1
0x142ae816485fc3d73fc2de49a5e253c9cbf57931,2
0x00000217d2795f1da57e392d2a5bc87125baa38d,5
0x552f01d67b352aaa38bc675e30ced97f2451df63,2
0xb70c1a3242e363b4772b83acdc10df94e6c3fb02,18
0xba178ae12daa78de6592847cf8bb26508ae5d5db,1
0x9ccd4bf14f8e382c5ebc61969d5a17a185b1e69c,1
0xb693ec0622f718e9a180c9a10d4a665fe84c6414,1
0xfb571ed0910b03fdf643347e5846f2a5df63b743,1
0x374bd185ee19fd9f8682eb875e5d0546a8d58cdd,9
0xda44e1c6addf1d218cf9633f6e1edffe11e41ea6,1
0x4a5877a58ee3f71d315ff4d103e5e3c603dab109,2
0xa25803ab86a327786bb59395fc0164d826b98298,281
0x41a3c90f8084878762946584b318bf6f44263b83,1
0xdc5b961a5ab04ac38321c89100584fb965721931,1
0x67ff0cf40c759aaec7a46866c5b7d0c079cf5115,2
0x51d5aa7a076c006045985463d976510166b86d1c,1
0xe9d034d0f901052839ab94fa81c0af0526682369,1
0x3dff33cd2a4476739c814ffaa07d17b27bb813d3,1
0x050a3bf4cc6898bddb35824a5a130a8c16f05000,4
0x9e64b47bbdb9c1f7b599f11987b84c416c0c4110,1
0x87e938b9ac90c532207da9259de2c2a34f570565,1
0xa86fd35dbb69502075ca2e265e534147999d265d,1
0x88a679ddf5ed7d071ad35c9c924c666dc3a07d73,2
0x91cda41a25057b30cd003dde076dc91f7a9cb6d9,1
0x0c192889c5a96fb5a541df829b5233b9df3418e6,1
0xaa14c41fd6cb09b84b8096e3dd52430816c14b63,1
0x400a5132a4099c8617b239b2d2898ce0ef7a8845,1
0x052564eb0fd8b340803df55def89c25c432f43f4,34
0x9b45755f1f2f813048072a78d4ef44dc8582403c,3
0xe937e88591f641a689e2132a6f633d7b6b1a54c8,1
0x060d19764de004b37aa64c088a0e55e8401a1041,1
0xecf0dd6e6af9ec6b582cf34394ccf400de749b34,1
0x2e08407cc36b1bcb17286b1342416b12608beaf3,2
0xee45124d3c2a3d9f24fddfc10cd9979b52567cfb,5
0xb38071b23f0fa92cf9e1bd6feec5a5f9821f3ccc,11
0x77350e1152efd5f2d807a6124015c629a907155e,1
0x753b20f21781f74816bccbf95f202baeabb94a7f,2
0x4154245739a63cd6caa8db8c1ae24209dd411dc6,3
0x1e47217f2f2872fb42b64787bfb8f81c23cdc5b7,1
0x7bb373df40d495405a4764209130100feb7ea6e5,2
0xed3c3bffcf147850406d0e58ce4f4ebd2b5cd96c,1
0xff98853e6ead378b5bbe9cab173de5798155eeaa,1
0x161dba94784e84ac3e680dbb759345d75b6bf8c6,1
0x0c3749688dd7a990e3927389b2e51b4752b4f0fc,1
0x93e35173e398fb39150892a35ceb7fdd8fabf52e,1
0xae7721babd433e07ee107411719afa3a39738b81,7
0xf75fcd9849d3365d436d0cd889ed500150c9482a,3
0x906e55e1035c8a0828f249c173d8090e8fd5f189,1
0xd1e70fd5cd83380ba4928df1410e9729f22d523d,1
0x732d0583e04929c1f76b3eb0666053a218ae8f71,1
0x72bf7f68edebd58467859d268cd9385a4bbc987d,3
0x64d862298fa4221db9507f406f6f433ba18ec053,2
0x900d3e6830ec6601395030c66e20702d9d3de20e,1
0x47b78acc6d29428f128eb04b467d316e548e4b89,1
0x16c5d765eda967ef0e053023de583fd62554f2a3,2
0x7ed716a3c0a634fa033cad0e53bc5fdbc838e23b,1
0xa910fab85e318a449689a9733d398b4da7711714,2
0x71a31c2e11fa89ee8dd6452b4971ac640cd9c819,1
0xc4ee33c00900dd22f34fa361e2d679a28d513284,1
0x52065b858ec5928246bdeecf82aeb0231d335291,1
0x54d7f921785ebe46010d83c73712e80dfaff1e81,2
0x26439aeb008d63b6686798b5f08a84c7abefbd80,1
0x5163588239afc34a1e6255fe250437cf917e32ab,25
0x1d34d0fd5132e4eb8b07d829198752afb6b4db81,1
0x2ab3fe13eea37c502fa34e6d74b8d3b3dc62954f,1
0x7efe3ac6ec0ff5b6136766ac79a97c1e9d8fd585,2
0xaee55fb502f85dce5043efd9d08bcb0c3bed52d8,1
0xc31afe50abc2fc1a3cb5b4d4a163738e595c8fee,1
0xdc220de7655c7c49f5b486884ca11076bf82b10f,1
0x19bafb19c71ace7dd16843f4c11f81faa6fbf62e,1
0xa083afa219bb7d21c5a72cacaadb99cc1da6dd98,1
0xdbc522931928f8ff7784c84e5fcec4ffdcd6e9eb,1
0x4e2a48affa555c742540a11aa199c44bb9c7f0d2,2
0x60fe3e0e5468a3184109feda6466f42588484fa6,3
0x717541ecec745b1996a293a0e663f2aed2340f1a,1
0x997aff12f28b97fd2bdd99fc186190eaaeebd4b1,1
0xffc49bdc45da9fb1fe35b3339fae497d70e4e224,1
0x7d4823262bd2c6e4fa78872f2587dda2a65828ed,3
0x2c123fc5c27888571cd525e8ae9b0c5ff848386d,1
0xefd6c7da67a8162f2f6757622fe3d5cefc08e721,1
0x3f58588b59da010031dd8a355dcd7de229663ebf,1
0x6b67623ff56c10d9dcfc2152425f90285fc74ddd,1
0xce3ecc2d77bd6a95ccac562f060a5dde6ef4de0f,11
0xae21e352679268dad741c2467b8c8b9f3e13fd67,2
0x7e455caac23eb8ed9884f55ed7e5a42d5dec2bd9,3
0x2e10fd3884dce04f992a3b68d52f807014b41237,3
0xcc5f050829cf6df8598efad8f48d181d63578364,1
0x46b2bd5c888e6d57a839c559fd6076f2c15a8cb1,1
0xcb802bc7bfe4811ed977dedc8e8084a524e92b52,1
0xb819706e897eacf235cdb5048962bd65873202c4,1
0xd7b10538107b145fcd8c10129854ebe9a0246658,2
0x82e611020c40383f40f63d3984b4d3ecc281d675,1
0xd24ff5e32de12be154b1c2ee7b731cbc45540e50,11
0x6e5e911bb7d52c5999be1cf8e1d85a5a27f57d39,1
0x9293c35d6e1524609b7221a1c9a8d52dc81ba62c,1
0x436ffb70ce00d76e59e6f7de58861911acf952a9,1
0xcb5fba4419abc4d7c11af0c24ba0f2e555407f5b,1
0x2b18e9c6b073f368c63d6e372380653edd945b42,1
0x645a882c67d0d40526d03573c497f52d42464920,1
0xc8d9a5d8cae035624b22f1583b09cb69b8501c21,1
0x1da5331994e781ab0e2af9f85bfce2037a514170,32
0x4b2a62efd6cc5a0714be3754dc4c71893bb26edb,1
0x0f045a0d77d24c326316e0315354e7df28b4ac50,1
0x569bf4ddeb2988f44ee99c968dcda6f60be58260,1
0xfa5050d0d5521bd7a743b011b5797a68d2b0b485,2
0xc10b17d37d8eb29e8b8b9f8e912bf88ea10e78e9,2
0x76da9f88e63a85ba8bfa19f3821d5a271753d3dc,1
0x4824dc193dca8fe6c0bad6dabbc7385acff10e53,2
0x4a33a29ade766580efb33bf8c35b7dd492c47e37,1
0xf1d601dd082fffba618241a172f3d91809f7b587,2
0xff0bd4aa3496739d5667adc10e2b843dfab5712b,3
0x278dcbe75441a9dd1a1a8c6f6dd24ad3072ebe10,3
0xff70ec37a5d631f587df503efe862a6b9a274305,2
0x5462a53d1d95594ef8a99fb45634671cea06c858,1
0xc64ef1c4c8f417657c6e20b367a6bb4ac4fcb6d3,1
0xf2127f5b215a5045eac65f203217b0e6ee2eee95,1
0xb3af57ac61fc0e66839c8bc951a7a6bf24b8b082,1
0xb74f011dac5862822fdf29fb73dcde7bcfdaba7a,3
0x60311403a64e47cb65e17c56da22694364740789,1
0x64756a0976182ab0164db7b3835712f69a0cbbdc,1
0x20d5a37486b4fca7739fe20f54a6c4fdb95d0fad,1
0x7158afd8142dc3686e0dc849a135d7cba69bf962,1
0xeab37b9b0b3ff2d24e70bcf7b15ff574b410c4d5,1
0x53124d6b605aecae1e9350200fd35d74420d49bf,1
0x14b96ecc9f91bc34cc94087398224368edd3761a,1
0x07adbafdd3a90a2ad137b8c4150a6e4932f5de66,1
0x449c69df8487c9faf14d0b798f142ee128cd4fc8,12
0x198c48df327e004d3bd917a45fe143fd7a75bfee,1
0x6a397459bc9f3b0fc47d8801c7948fb194907e09,1
0xa58ea377e85aea385b02d5cf7e264ff4e0137ab4,1
0xbb1ec73938b9df4baab4f5c43af96385a862811e,10
0x1dabc3b1e6e6878fea60f9d9799b1cfdbb9d6aef,1
0x74be0af0bf7254328ddffc09425ff71d64a1a836,6
0xbaa84e6a9e66fa0846931c6bf79e8c2763b50b9d,1
0xfad832824c1f20d908d763b0510aadd675b1f522,2
0x1d42949af932ad94022d5546239616c9c6de0676,1
0x8fd884eab9ef1db593d0bf6e620456eb292943ae,1
0x341e1cb13eadec0748587fea758620fd9538f51c,1
0x7224a1a8750d77c182d7ade10b8edcbd3aae0e2d,4
0x538455caa9a45b8b894177f0b63385a0b9e9387b,1
0x10725af1f2919d0acc5cf294285d97710f980490,2
0x8b087f09d770079bd71b14a6e475d913dcae9c79,2
0x71546e6ae97254942c5fb38cc9754fabeb0bc744,1
0x3ee505ba316879d246a8fd2b3d7ee63b51b44fab,8
0x65b1b96bd01926d3d60dd3c8bc452f22819443a9,3
0x4551fd1dc1b6984b3d93b56e51ce826370ab28c8,2
0x96333170e351bd436d97e70e2e41057f1d8f159f,2
0x7fe02ca835b711928505ea6725ccca6dce6db9e7,2
0xe63b7ff4639b990bad1d7257fff8070f859f0997,1
0x24f270bdf0eebbecda277b30cb67891d47b1a8ea,1
0x940a26bc954a263dd253ddb5dae651370644b9c8,2
0xbd19b1833c7a474b3cf4d7f583c89bd18f76606d,2
0x514d6f52efd23b2e10c822b119aae75881d547ff,1
0xaaaac066a6965cc9737b39314675ad9a33c746a3,1
0x03e72dfa79842d41bba3796ec8e3928daa00e2bd,1
0xbea91e555f85e6092aced53eae6aabf0668ea6a7,1
0xcdd84c2f941a73e1fbad6762f66344cf221746e4,8
0xb52235dc0751ce6e171c51fbf459fd6637c6ccc8,1
0x953a37793f10567aa894d0cfbe33293e7f33c1b4,1
0x6c3675c755c06b236cb10b5acfa0445fd8aad455,1
0x05e06f2ec24c04737a08ee8c420a28cb0a3962fc,3
0x5ad27c39287946143f787df3ed288c0d11f5a7f3,1
0x4d42307abb9b2fc8b822d564bc05c505946de1c3,1
0xe586602f4841e21d4ce49c9a4d761e213f611f4c,1
0xd839464c711294358b74badf801d935cf6b22e01,2
0xf82502938b8b06c69770631cc0d9b81ce563a4e2,1
0x6fe97dbf9888d2a63859dd822960f8da8dab2237,1
0xf51d05c6477f23647c0d4c9832e6a800e77621ed,2
0x5ccaec29c9d3f4ab82e54fb5c8428cd28ba728ae,1
0x8a3d2efdb70c3fa23e0f38bdcb95c4f39ad1e127,12
0xc0d95fbb7bf19c7665a1c4042b683182b34e2150,3
0xffb6d97bd1e7b7bd08595096d15037401a1f416b,2
0x2762c7fe932b8688508fff24ececbbca92a128c4,1
0xb2dca36456f4948ccae8d50b0e48737074c81470,1
0x8a76b7a7b005ddc741b2dd666eda67b192c75cd9,2
0x1010595f96ab62b31bfeac411ec5f8f60db5dc23,3
0x66f6d639199342619caf8617bf80ea738e5960a3,1
0x9b11aa03c726923d770f9b2d5e7b57dbce003ce4,3
0x03009898ffd3361bb6b02b77d655f196ec82865e,2
0x87d70a75ca2c0dc59a70c40750a09b443efb5785,1
0x900c9f768cd3f41316c17becb0131d09ceab8420,1
0x1c41d8667e815451c6efc242367cd15f0a4564dd,6
0x0d8040392a83e4b928b2020ea8e0fa91f5853026,1
0x7989e741e0859b8c46475424c1a4a95d7f91eea3,1
0xd31158643cef2220165049cc56a6cc27f49bf688,1
0x8c97cf28138c04921199e6d8c9e09ff3e982951d,1
0xc142995f05436c91bba172b7d17522a301323236,2
0xeed4ab63daec420797fb407c4fb762be1a8ec580,2
0xa686654dcdae3865abdc977bbc73bff0663a0d05,2
0x83e0e18e9fea4dc39b9b6dc16a48f10872b9f74f,1
0xa248e3b1a7247917b177a2648b15fb42bf75c114,1
0x6f4a2d3a4f47f9c647d86c929755593911ee91ec,175
0x811e4327de2dbbcb69a5e35652e0af1a5d3d9e23,1
0xd934cc70b1b06256581527a534285f5bd6a7edc7,1
0x7e9045be45bad250d06416a877f00320971c97e0,1
0xadb3a2c73f33110382a7122048ea7a2c3a495b3a,1
0xb565d528f1dd07db0bb07fca2e7a5af29aa90847,3
0x007508a6c38bcf12a30728c363968dab1be6384a,4
0xe5027d611abe310c14b658ff7454f41197a9b7a3,1
0xcf6a521e36fa31219ee5769826663eca7775eb6a,1
0x51636d9efbfb79631824dd6107d54f2dcf548359,18
0x3921bc5c561010c785870c68a8f153ab7dd9a124,1
0x639baab33a1619beccb32670783ee0739e3f0561,1
0xf65e164f07e0196ba9ee97f3eaebdbd7ade3b885,1
0x98d562c7a4781e3e6c0d16f67469b0a3b0cb25c7,1
0x9fdf724bcdf9392bd4b99a1c463ec674bc891bb9,1
0xb0f96a681e2e1bcbf40f99f0e48b8f3108089cb2,2
0x446dcdfa78d07d7859bec2cad5322518caeaab0c,1
0xae4d837caa0c53579f8a156633355df5058b02f3,1
0x7e21cdfa60e69bd0455ae0c3083c4ef3e4b33aa4,1
0x2b4a3ebb0b5be22e53d058029948d882b4afe27b,1
0x018edc98b3190dbb261e6ff3858c4ba59c71ba94,3
0xdc9e112ab6859b519dd51548c64894496bb38faf,11
0x6cfe9755269786f6681518c00bd22801f98f9e57,2
0x65f2a232a540b69171cbecdf843ba0b8ab5d0c17,2
0x9cc5f02499328d007d749801fbc197c4f910757a,3
0xbfe6ab779517544df703159ea41e7d8a71db6ef0,1
0x97fdf679ee5ccf8ad80029e08daa199be06ece02,1
0x68d4a6fad7b5682db97c0a4455e282ce4f193be6,2
0x7eb28b2f14a59789ec4c782a5dd957f9c8f33f6b,2
0xedb7f337a3e4f1523a25d56e205a287168991f7c,2
0xc0d92f633ee8c8439783f5d2c06aafdb70e781b8,1
0xc71f4f16aee77b163429da7602e08889cc864bef,1
0x9a9358fe6aff463bdf8f3c9c53245b85290d4f4c,6
0xe53ef2dae90d98c7b89fca164315dc81ded0182d,4
0x517fe802827c5dd6782ce51ace849edfc3e158ec,2
0x1fe03a391c9486a889e0b5b19195f916bef19468,5
0x577ebc5de943e35cdf9ecb5bbe1f7d7cb6c7c647,252
0xc5ee5b961bf790970f550fc3adee548f6ecc44e4,1
0xc3ee900a4c8152d3f5c200dd9c4470ac4ad17c7b,1
0xa469a5347669328524f7cdfb2773744490093aa1,2
0x3d40e3751df138d0a2bccbddbc403e8b9810f3f1,1
0xc66b8de8a287a5ec1291aefa84bc9ed735d7f08d,3
0x961d63a5c37afba739093cb32ec0993df007675b,4
0x7a2842cd3117637a9efc05f71dea7bc3b79d36d3,1
0x9c3862a291ab36a5f61b17d03689d683fc2d8871,1
0xe39178816faf3385943c73a0de19eed0ee78b6a4,1
0xbd88526a40bd28acb6761a238d7751d3f1bb5fb8,1
0x809e7b210f8c599ceafc3cff49f4863b2da07c59,1
0xb79157bca1635f4731df5828f2a28a0cbfc799ce,1
0xd390f246fed4e7a0e04424eb4b662681ba5150b6,2
0x865c2f85c9fea1c6ac7f53de07554d68cb92ed88,1
0x9852f8956973e8830e08cad3f2a7f6d04e8d837e,1
0x34155fe28ca299699b6c56e04fd4700ee65043e5,1
0xa00bcc39fdd9851bf85d237607a234e5bf99e652,1
0xe1dfb7c5c9e10cd127fe7e94e3ec9f42e96e7f43,1
0x00668bd79ede077b99bbe1c4db59418bc333d4cf,6
0x87b740014b4e9abc69407a4ea3d86db768ab02e9,1
0x2ee8670d2b936985d5fb1ee968810c155d3bb9ca,1
0x68fdcaa73c38ed958401bee3f540052965ed20d7,1
0x8c9897c494deaa0e0b642f33770072ef5bcbf73d,1
0xdaf1060f23583ee0088dabc18719965b365ed66a,1
0xdc5556ff5f67b71bf4b9ca04ce953a54663913e6,3
0x7093f8979a945bcdc52284027929defa99977671,1
0xc74ffbd6c8769d710766e6acc5798a3470652965,1
0xaa73a811a4898ca0e116376be752b3960d554021,1
0x766bc61d3150232f6f4e1d81633d68f3a94879e3,1
0x97db27c92bc776079f57bf26533111abc81af7ca,4
0xd6e59dc7ab3532511398961ba299b1fd7075d3d5,1
0xa486c75c52206e900372b1ab4d9e43cf79b2c3e8,5
0x3b1c2244c69dcff316f25ed89590c0513ef85735,1
0x42f7c5275ac4372156027d939843c9c42523df2e,2
0x8e4cdc6044664d1e619a3009e8e6374056c03b99,1
0x7b5485c076acb0a6e601be90d995a5f50c6988e7,1
0xa4ba53ef39037af3cc1b916f44541d6af4beeaae,2
0x2cc02b33246b00daba6196b837a7a45c6e23cfdc,1
0x469901cf1e929de79a2420002e4e0b4f00d11be1,2
0xace6f2826190879fc186197687fc15a544f389ed,1
0x6c4aec6c0593e58992dd757df3eb8a7e78d29170,2
0xdcaf84e17bb0609a19350178018b27851a5a2563,1
0x0713a6c6fd18b2c7e687c4b6f5c4dd941c4c3bc0,4
0xc20e57bf666942c7b7c60dd9111d76ef439a23f7,1
0xc87da5cfaf5543efe3e54326800150beb747563c,1
0x82a046dfab6c0dd8efdeec0fdac3a00918b35050,1
0x74857f68e61fe70312df156bf763f7d6dc56b00e,1
0x02fdf537289342c5b23ff2c0c68d7bde1be960a2,2
0x98d365a3df9711603dd2ab52bf45b16796336726,1
0x7bf7b9436eeffb6dd20077866a5943b79bec3200,3
0x96a21b5c54b585f9dc64bfbf35b7510c56d4064e,1
0x052ffed486e44d58f3f965fc8e1f5e511fe1474c,2
0xa5c80be2c4d2dca26c3cba2cd9d4a3c4cf3212ea,3
0xa52763584639f7139d2db9feb2f76128e300d081,1
0xa65d2a150a3d62e1ff8d4a843e13054d5a3f7bd7,1
0x7962e7be54b892cb7bb81b09c66a8194e3891529,1
0x1efed205caede27da1135cd37a4192861a51100e,1
0xbd21d16b60be7ca45a5a478f855440543eafa890,1
0x55afb7fee3406a8d9cbda878b5415eb1af0d732f,8
0xb783cd9f3e74d52b320904292e0fbe720d333d97,1
0xd45c67f5152cfa89f7ebb328ba4d16a0226ad3c5,1
0xe9581fb58eb6fdcbd45fcba793149bab6b0e0c4b,1
0x12e5e3e7a1389fed96e1be50aed32316c027b18b,12
0x7d6e292d76b87a96f5a0c9209609c504efcbb4c7,1
0x7eac94ecd60738ebce2baa48004e31e69481a837,3
0x519d3f7ee47f0a8a7876babc21f3f8c59a38e300,1
0xb5fc8914a5d453b340cb16c9dda4f8b0c1f32fa0,1
0xee113b5073b088d53a4931842834d77c4aacc365,1
0x1bb77204b2ed64751138145c26a6b31e836ddcdb,1
0x2014ae8b1d21f571c194c682c1758f2dd874c138,3
0xe33e3a7f44099d70f4498346686ed9435ff225e2,3
0x3ba53cea97bfff5a303ffc66dc4f390383bcd62e,1
0x45795e6abe6be8ebb91e619ea2e6999b7141c40c,1
0xde0b9c04571ff7f24c8e6a179a666cd89a1b6be3,1
0x0348120ab9ffbbb02e471f37db019bf6c2b0bc35,3
0x5320f1fbf3a6a80b2cf27cfed1352525f90eab09,2
0x4d8e16a70f38414f33e8578913eef6a0e4a633b5,62
0xb73307417e3d0e0d68bb457005471f67a998a2af,1
0x419dc23983e1e7d3cc15adc297e493262e667df2,1
0xfc2afe8f63feeb2dac7c89ea0fce4632822bd8c6,1
0x22de60776e0932429bb5f12bef1814777362ae4b,3
0x0601d0235645a6ce6356ef11aa0b225c68605131,81
0x66c7a7348250f453a37cf86410a946f9668de386,28
0x9dd4d1552fe89fe174c7f32868dc9c248d620b02,1
0x71710e1a6b5e5440f2822577698955aff74fd831,7
0x295ce385a162582f54f01525da8176ee59a96db8,1
0x502ba21ce0018a52e91a31483a445d4ec3aa02b9,2
0x268169a19bca3435451207f70be15436ed142f42,6
0xd6597398fb49a7f1d5652ff2b126c3502e79c208,3
0x801abde79477c69720008e273fe267806c28c7c1,1
0xc06dbddf5b059d4de36ed72fde4bc3793c63ce6e,3
0xda202a4e570e21b163afb039746fce5ae0587f39,3
0x422fac9209d91c24b3115bf7fb0ef7a3a7efbd7d,16
0xb3007ff3c3f40bdf0126fec7c8e43c3fc50ea813,1
0xa9bfa94ab1497c08b7c02c9516d4eb1f07c90d40,5
0x064cfc529ed6db52b9f46f4ff628f6561b214cfa,3
0x97b052c9a4e8705c067ce0c197833bbd496f2612,2
0xc659284cd530f1df076b38a469c4207d731a2710,2
0xf4b4a58974524e183c275f3c6ea895bc2368e738,13
0xcfd9ccafc35b86299fc5617f66e89c0782bacfe0,19
0x311a9ef07f16ad45e6aa6b9787e0e173e3ce3623,2
0xc480fb0ebea2591470f571436926785be5ebcd22,60
0xa524d8b55ffa540b2ebee1d2d72716780ff5c24c,1
0x4a2088df692b9d4d35346edf6bced1ca25582a43,1
0xcc7357203c0d1c0d64ed7c5605a495c8fbebac8c,1
0xe4076b7eec4267e6b9aec4e3d3398bd783c4c2c4,1
0x645eb399f09a347f040ab48017512556ee13f9b4,8
0xe12e1f8f3a1dff0d804e4c37783a5cb729548a85,2
0x55e1490a1878d0b61811726e2cb96560022e764c,2
0xad0bccb7fa9a1e77b9bf347e177d4c08cff1e1f1,1
0xf556cf12807fc720a9b57f54f548d575905a1ed0,1
0xe78de326bf799e4ebbad8f971844f12f72eff19b,1
0x171193fa2fcdb747f07fb3ae9cb9fac61c3dab52,1
0x89f31eda3caa6827d30828aa03641423d476ab6c,1
0x6840a01ebdfc2ecd4b74e8224d341a6dacf3d97c,1
0xb268f20c03c39f00425db32c424fd5272220496e,13
0x0529f32a472818a5a113dd9b85668686374b337d,1
0x117c6e09cc85d924be04322e54492c2fb7ae2d14,1
0x38caf2d24a26a7f14000860198642e6cae834764,1
0x86f39177283138fd6f5e344dfb78675ba4759ada,1
0x83506d12aca4cdb36e8d03cda7611365142a29bf,14
0x3efe8bfb96a10b431deeaff2c616f555169f1698,9
0x8814c8b4f4f41124df0a35bf2c2b5f8ba79ef31d,1
0xf99f1bea3d3dae6a2ec3f2733ea8ad8025fd239b,1
0x49e1bb5c768697ebd809c3892ab30645f60e8b60,1
0xfd127b082d2702d570efb29c308698a77b013bc9,1
0xe9d1ee843e363b9836a0a8dde3987ba8337f1229,1
0x907a442f0a28d15987bf92e66eb5a1258f013211,1
0xc219cafde6855f60da76d9cacc3873fda65516e6,1
0xa9c09f45b2bd1bbb3d7ac14506b7c9c9476a7649,1
0x0722692deb9c7b0b910c75e7d07c25a0ce920fe2,1
0x293ed38530005620e4b28600f196a97e1125daac,1
0x6d9a2ec158a9bb480247769896a044e1b9567aa4,1
0xeb7e116b9e405ba1c169afdf56d7961916c1572d,1
0x0914b7fb74770c0242f74157e318f24acb013f29,1
0x658a29fe953cf8fa5a48a15fca99ce8fdd609eea,1
0x86ab846eab1db8ed6f410cbc7c5497de0b7b4536,5
0xbf91e1152387b8eaaa0e9ee630adde6473adf562,2
0x93f27b8719aba7ebaeaa19ef6cc3b5962aa32e69,2
0x4a7601ef610dabfc7a969a3044c99fb0fd37bc35,1
0x0d77946d201ee95d272c21b3b3588e419df95586,1
0x69021ae8769586d56791d29615959997c2012b99,108
0xe39b6ba2d97a1b7eae31a873a9abe0a041a37c1d,1
0x4ee538b3a9c12644a9d3ae20a67437e8d18b91c2,1
0x297289405faf325d416658e93d93d0ade229528c,2
0xcffc60228e1a8aa7c631101eb82fa94981621cbf,12
0x8bebdb7f971d126bed0084c4cc651be40bee0519,1
0xb936a573abd92ce29e2374344370cbf30a52b152,1
0x584c7a88179c493d12083094b6e335c267d4c41b,1
0x00653d03b147a663390dd5c5b1a55dc9cc0bd2fd,2
0x562a01eb1c18e167d3b26504bfa08edb68c5681a,1
0x6853a596d6d7264d3622546da3b891b6fe17eb82,2
0xa477803db91cb844d67742427e3573a9e8d19993,1
0x792b37c2244ecc0bc18ad193498f17b27efae7d9,5
0xd2aff66959ee0e6f92ee02d741071ddb5084bebb,1
0x403bbdec9c0633237ab13f224906d5ccf2791de2,1
0x0735b34a9eb4d4cbe656919146d6b7a8807f789c,1
0xb23fb4ca613efa44589e2f9da64325039e9957a0,1
0x4d0dc3590f4a0543f6ad2f6c26958b7198a13b80,1
0x15396ccbcf993e56eb56a9bc3d2115dc2ccfaa1c,1
0x05467ecea464e1704c3fd142ef9ba816ba7a7088,5
0x4e16d9eedcf3dae294d9405df3db42e70fbba574,1
0x76ee90e1ec74ae3b684710a6979c2ff220054fb8,1
0x1fca36eccfdf8482492fabfd98266956a97e854d,1
0x81c94a3339042644da9c52d6cd5f3415ec2a3fea,1
0x31b415f5213d0c383d859e908c32882c807c4c32,1
0x7b8961f67382c51c389726667ef7dd7cf95fefd3,1
0x3dee682ad8fc1bfc3657c59e841d135d51f9662a,1
0x89c5dca00b9bf5ad746b91ec911c56cb4aee17f0,1
0x28c42de479e57cc0c90b8a3eceb406dc173ad7cc,8
0xa2c62a66f6660166838b95db60f234dfb59e765e,1
0xc6a8206756fbcb770770523e2de26bcc351a8713,30
0x7c38bdd6f544e678465fde0cada214dbe25ecb8c,1
0x00a1b46319be9163b8ae30dbe506235608a563dc,1
0x55530155460d8147b02c6de319dff172abedb726,2
0xdb81a847b3711339f9ae68697672465f013caa9f,1
0x3e3567eb03521aed1047951620cdef6353f763bf,1
0x530afa101bed324809d0738d45b38a669314ff54,21
0xf288208d88ad8174eb6b4b53b80ff5df91df2c76,1
0xe3e6917802ebfeecb844349cbb007151efe98b6a,2
0xb6e523cfb6176339331c68d33ec7133aa5e5cfd8,1
0xd2e4d4cbd9b9977b934e747bec518aecbdbe4635,1
0x7cd7a5a66d3cd2f13559d7f8a052fa6014e07d35,1
0x06c1a3b6d3d4752e45d74f93e25e9ebd1f087f55,1
0x58f18776627c3b5feada0bed06a0cbeda29b48b7,2
0x206dae78dd234042b77cad821affbe3cfdc039e8,1
0xeb8140192ca8abb14e80e7609d96aac3407e33a8,1
0x35126e6e02e4d3836dde1ff4b1acf26bff5a1a03,4
0x0199f4bef64212be9d5847557631ccea02ae8d26,2
0xe113e7b1e8ecd07973ea40978aed520241d17f27,3
0x87152f540a3b029d51b93b9d29ffacb63d8d3864,1
0xb237535c03d2cf80f22405f542e436793ddb1e7f,1
0xd2d70bda86d2c2a74a63a5229f01b70669f34988,1
0x9be96a6e861d2e5aff1fe0738bed664b6f0b543e,1
0xfb85fff7b47cc577b07a51371c929b7e298291f1,1
0xd9a77b788bb21718d13d59baf067c0cf660ff4b9,1
0x2f120efa7efdff9ab27dd4761a3c95356fd70d96,1
0xd96d9dabeff4057212f427d4df87b3e6216b5504,1
0x68b498a5ebcd1f649a7ae3f4f42d33fe067fb483,1
0x137320997d97dcdae021f65ceb45d6f802915247,1
0xffffc32855b2620c86f413065af8c58ec68d474d,1
0x78b57baec44822f542d4e41ae0caa2bb3211a221,1
0x32b1dc6a72eb673c539cea9d0c029d92a6344d7a,1
0x0cea5bd314d5f476f8b1613af143a922844c4ca6,4
0xbfd5699bf0c57e6201146fd33f057364f9e1a17c,1
0x1040fe4bdc7284b7c6aab19de812c84be1758c7f,1
0x44ddf3e35cd2d629d78674ff6bf5b953e2b069fe,3
0x561b0145d8f5221995bc6a787d8d70db0604b7b8,1
0xded2cb7109ebfe5e6ef409995b0af2211a22a6c9,2
0x7a37a180b143bf8b9b3875c0dcdbc6bca5b0050f,1
0xc0548825bd34b96448b487ed7028cf6b532228f9,7
0x9e2b8a9c610029821e5f7e280617587580d5291f,2
0x727646dcbc60a7c0b38c64c649a3866950443d10,4
0x8133a5dcba30387e88b8dd3b782797ae00defcc0,2
0x1dc301854bfecb4ba03eb417579585c2b8ea12c1,2
0x614a61a3b7f2fd8750acaad63b2a0cfe8b8524f1,1
0xcd2c66fe27f8c6e08a5bd42b2617a34f8854eece,9
0x68952d674146275863e85381b156f079433de65f,1
0x36df210e3ae69f637ece4af772797139e25aba2e,1
0xce41429cc8d2eb6a1e59da8a28fbbd2ac72599b6,1
0x870a9d294e3ac5bb9778ca9755d3d04f3e8432a8,2
0x582fa78399f03501802beff5b2ea2d0612c9a9e5,2
0x9345d6de501e30089d045ec84a461ba4973f6ec0,3
0x49432b32f26486135e56cc92db68360b8a78657e,1
0x4da94e682326bd14997d1e1c62350654d8e44c5d,4
0x50cde770461ef53b62e083313d64b5b274b4bb78,1
0xce08d66d2824a7690d309727f06acc93faf0fb3c,1
0x3fce52f5e012b67d324218a5986d1cf4e9d4edf4,3
0xa1712fc331a5dad6f9b6fa51d472eef65e2441d7,1
0x535278f478c177169b7314f74fcc2a310a87422e,2
0xfc80c39b54ad5e863eea32670ab103be215fd3f7,1
0x8ca440e6e8ad6dbcabec20df94dc19047c614a6c,1
0x45f9703424da8659e860f3dc32c1cbfd19c43062,2
0xb02365dc1a28d82cc454d05a765feee31ccc2b00,1
0x12d0c02a60da20a42e02df7a623b9e6b2f5e75b4,1
0xe41691564a88301bee84a8886740e04d83e75ea9,1
0x78e96be52e38b3fc3445a2ed34a6e586ffab9631,4
0x0fc7d8fd708a37db432b1c28996d22c63d39f257,1
0x2a0626380bf336cd9493bfed74966d53b6b9101e,1
0x6b543f3f04e608013f511badfb05e6ffc9e11344,1
0x20eadfcaf91bd98674ff8fc341d148e1731576a4,3
0xf8a4f66210bc9d712e5a4b00eef1ab73de7b7e24,1
0x6c22a9e37f4b532929682d09a6d504be66b855ec,1
0x53c52da1f8dc49cd9e4e03c9f62209267241acea,3
0x034b46aa9a5eed69c0c7b19773b60f83c54320dc,1
0x461f77edc28b9bea0ae1a09825f4c56fcbbca222,1
0x9e1e409f901a7f6eb8108deef50b6d3d82208d4f,10
0x3bc2f1f07d95d5abe0d6ca2fbca4db0e25228a99,1
0xfaf20a6a1816e1490f46a67607c2889725638018,1
0x4954b78cda38d76eda55acf3e43ff88e21ec64f0,1
0x4cf23b08334dc2c26c6a65ab43c3e619c4bfbd61,2
0x6bfe59e8feaddfbdbb97f7da8c6b4550a8bd4ffd,1
0xadc4554024aafcc3061bf0160283c23ee4c7bcbb,1
0xbfd706113a65a8b43f7d93403b5a4056d00e2aa5,2
0xf1ab326e9aa8792272471bc47069b9670d7292bb,1
0x8737581e027332d7cab974c3505719b6c83bb12e,1
0x42f9134e9d3bf7eee1f8a5ac2a4328b059e7468c,1
0x32b0d0a7ffde73093c361907558bac25135fe9fc,1
0xbd7b4757f936379595ed5772eb05487c5dbb7d51,1
0xf40b3d16ae26262db9b19e0ec80d8a490c40bdcb,22
0x84d34f4f83a87596cd3fb6887cff8f17bf5a7b83,13
0x08e32df01ae93ea7246363e454623b83c81ed3d4,1
0xfe055fd0976d8174f019d02bbc30598532fee70e,1
0x3a56dbbad795185eeffa59bc2c1a6a51bc93272f,1
0xc88ebc63c3126e9f37a46c1cf55b0e79c9cc20e2,1
0xe8d848debb3a3e12aa815b15900c8e020b863f31,2
0x0a405355046e87fbbef5aefd97790c8dd035cc74,2
0xa9d5f8eeccdbc730338fe506aea01743f7d6f226,1
0xa8754585284297fc4b8ae8cbdcffaa26ff71ef60,1
0x44d93e8ff74d7afb1f0147afad56dcc416d3a5bd,2
0x5eb423fc6e5fc37c8a07c880c378fb1d70c5667f,1
0xeb381fcfe8c91ae62c98ff4acbb7fd14bf1ad2a0,1
0x12fc6560c1f1ecdd34a5c3ba53c06d7786637559,1
0x49185f385b83332bda127b46e48d186083ab4988,1
0xe9e7b800ec5fc6015cf6b2826711254bab3c12e4,7
0x527b696dffb8064cb28fdddd9490c9ded35d1ba0,1
0xf09d1acbf092ec47970a2aa9e16bc658b2ecf15e,6
0x1fafa69cfbe020063fe4376fca3ecc4ed2b6936d,3
0x252d5e92f25e329d4e931c56aa53e4b3b56c6d0a,1
0x10a0b6e6b28e6e35121f3699511de3612f711d46,1
0xf3fd33ce765115a2d1e70acb10e8299b9b92b8bb,1
0x2678be172a52f99302a5bb870c41f86e3cd95e35,1
0xce4c5e542529af94c98882cb4788d72f9ca4c41a,1
0x79348e9b9ed22e27e717294838d6c7595ea107df,1
0x4c4a5490deefefa16f49a1a48c9acdc60f4117d0,1
0x1ee7fb4d0394fd3cd028aa4cd03fddfd9bf1d0ef,1
0xd7e077576f13e54dce22da96338d56b7d9ab7c21,4
0x98cfea4a7632ef7148b2f6933c5af622d16b956b,11
0x04ede46c36e138daee85b7e1f7711fa8ee908b00,2
0xcd879e8fa1e9b08de8dacd5a16ec72a7505cd0cc,1
0x8c2e67bd3d0f432ef75d9ae6623cd0dfbce66050,1
0x402ad5b9fee0e3efcd685b4ef1c118ff6c67575f,1
0xc20c5562ccada07f433fe0be90b7013709b4c803,1
0x334560fcfdec3fabfe8bed1bcd83ffba5b91d3fb,1
0x0b53c82ae0a5caa911aa0c787ec973cf65d6a6ff,5
0x198712f02dec362773a6d451c86b68930742dd6c,1
0x83e799564346b89359fc398f7e402edcdbe4e4db,1
0x78b58e4197c04d320a33c582ecc3e7e885f26a58,8
0x60c7d0a2369710a73dcf8cb5c45a0c695ac7eee4,1
0x8cb33d13e9270910ce9475c48aec8acd6c18767b,1
0x6be8402d6b5884d5e945439d5067149c5c8e2d52,1
0xfaf9f63baf57b19ca4e9490aaab1ede8b66cc2b5,5
0x66b064b5fac00eeb32cd6bce64bbf5fd98581b08,1
0x093eeb5cc712a7c132161326416b20532f348729,2
0xac768d475e39fb9a3588ed342054c8007cc063c7,1
0xf4a3d501abb475c3f203a1eaf8a9c214d234c0c8,1
0x351896e85b8ffb6276785fd82c9f0d521a7d1777,1
0xa163a1feaea96caa87f7b6eec2fbe5bb23d0ab00,2
0x8fccac516380d4c23a7b6b9aa3a6fe0f96bbc17e,1
0x5566da199b3d266626dd78023f8206fa2cf2ab30,1
0x258fc9060735e6e77910be5aefc79886994e2b35,1
0x234e486279dc07733e5db157277910bd6002d3f0,1
0x5274b3bebc974f3cf661efe149bf4c6f4cdc59d2,1
0x6ca323ab76aa6d0c7406520f49795470662e9c84,1
0x6a46f13a1519cab61ee88a823f1c592e427dd491,1
0xd562a0ad4fbee07745b3dbc87e1bde0423e9bd0d,1
0x52768f46915075c452b61d044a045f04e9c3e484,1
0xd817c48a6a227ed9700eebcf55f14516a3cdf7bd,1
0x49705967e4a9e3688a393e88eea088562c56ee1f,3
0xca5e7f4cfef8220ff41a125efac21b5c6a404cc0,4
0xd5b171571df3bc207baf2edb175b6ff3820f53a4,24
0x104430ca78e6d9810bfa18e58dc0be3b6e88705e,2
0xbd12b97baffa8e2b23bc78e2bf6fab311f9dc536,1
0xa4709378e146824909dbdbb68b297efc263c6331,1
0x9b1a161bdb6cd429e12e09fdd287de2c094f4295,2
0x8072566fcdbe9e1827c57a8091085a3095bd4cf0,1
0x82637d3bd84f5e255a989ed0e6763a2ef04946c0,1
0x5fbe6352e414ce5430ab14cee344e895ac4c95dc,1
0xacd97c5b040be9e1f6d14fd9c51570cb80f6d226,1
0x4efad72184965a3eb522495078b1137805ee9aaf,1
0xbb3b20fdb48ad9f495f4eb7623ff0dc77101e495,1
0xb94f5612b612510313a210edfd71d08ed0ada476,1
0xe80eb035ddf4ee6ec8ac3be7bb5a1f1b6a0fda38,1
0x2b84773955eee20e0ab23e44f0a174d92633fe84,4
0x965b813b302dfccdf6c2f676d59d7d3c960d3582,1
0x007eb9fe5553d5027149a05ff715efe55ca4247a,1
0xea1218190986d36363f6a26c088fd8681a6d3825,6
0x08c880d0d99f732369b45c3a27520f76a5b4c316,3
0x0688d9c02df342da756b8acfd135e3761db3915c,1
0x7fc4ad90afac24a39c9decab37f8fd52da363684,2
0x5071f6651e53c7e1a2ca5912ffc1eb60b2ba03c4,1
0x563f0a19c190fcb567bdc523b47b7e55056c886d,2
0x4869a74bb1c3ed6d702af35b115f5c6fbffdfb06,1
0x36c217c052260dff33e3f9690580a0bb7709815c,2
0x7c43825db9c66b20a09932796fc67472c039284a,1
0x8c9fcced4c9ec98ced2eec251e905e48dbfeb2c5,1
0x504eec66fa2ba8d44163ad484119db60fd59c70c,1
0x830cc132dd66f6491ceaa20206f398247143d9cf,5
0xc49fdb43ee7829c4e505071d7370182145091c6e,1
0xa88498226eb88646545c7e87f1389f6662deec8a,12
0xd4fe2012b16b7c76305df7255e1bba28bf1b61f5,1
0xab7244011d76fe5e94a3ebab59715272f0150a7d,3
0x6a8920d18b477c3e7446cf7f82dc0a9e38bf5fcf,1
0x5cde157b494dbb17a2188eb975922cb2fbd9d246,1
0x9113d4142de0f25a50d952f808f4c09dd70da46d,1
0xc88908b233501ca848df3156fdb30af41ec29a8b,2
0x51688cd36c18891167e8036bde2a8fb10ec80c43,100
0x5b00f3d1644ff3106248b2c50505a67abf31efff,1
0xddcd2507ed28dd8e91cccea5a36308d43d5cea84,1
0xf4aa2ad2b65856a5702cae5a438ad31167ceff22,1
0x3d19c509cbfc9a753d8d8c6a356f824fd2de275f,1
0xad4f67e4ce7cc8cfdb9ce1b8d66bdee9a65b9c39,5
0xb4d8b83b41dd65a719a47a77014315f01f34fa77,5
0x0b88fd87884080bd6d93d341fcca0eea76b03e75,14
0x3fc1753c90421bd2669d963f3973c0e75d23c68e,2
0xec20daf80b66e2c00bc33a8f92726b214c238a8c,1
0xc1be67ae82bd934b4a5e0c0f5c91dd5f3067687e,3
0x5ac996f059bdbf958e8215635f6b8541f0df0e50,3
0xaedaf3d364f56476e7bec717c63f645eb5b2ecdd,1
0x215fedd5780c39fbdadb4bc3700de61a8ffdd74a,4
0xcf533a2aac4a372cda57ae9eba5a9d817e82a4ea,1
0xb5e6acc6cbb5d712a96fcc7a8fe25a69f10ecf4c,1
0xf197abcac1788d82bd725c9c70a02562ecdc56c8,1
0x9b49c839bc165294cdb3b1702b6ee04fd7ae18c6,1
0x7786089b523202b02409a4763ed375e6fffce464,6
0xe8f1198371751b196e8fe5b250c229e9982e6bf8,1
0xba8dd3152d7c1a8cd82ed87ceaff8e322992bc5f,1
0xcffc336e6d019c1af58257a0b10bf2146a3f42a4,127
0xef768ef781637a7995a2b57ff77825e8abcf682d,23
0x043f4290fb39d79278fe57d328a36db96f07f3c3,1
0xcf8401fabc11524de68ca98e52b7459e52b0ce89,9
0xb78e3e8bd36b3228322d0a9d3271b5fbb7997fa3,3
0x94f67de48a70fde96396f767a2ce5719af7f1bdb,9
0x7e4100f2571994d0d937c25e87c5f58d79db53dc,1
0x9224bbb4e0fbe2f2f8fab55debc41eb21fdfb804,1
0xf1ad946ae30a285d96ea396acd3fd22c5aa75ef8,81
0xe08c32737c021c7d05d116b00a68a02f2d144ac0,1
0xcd8eddd0a27047d53d65f23d483a8a169d54526b,5
0x74ecabb119ef525e14e367f71f43834f21afaf85,1
0x903f5991587e5b9773a1ac5da8f3b8d42bead0c0,1
0xd11c2a4042c181d60f49f2d0775c5757f0457f2e,1
0x06bf2b4da028b66fb08a75dd872acb9a483e5639,11
0x634aba7402ad089c83cc6235d5a0006121ec602b,1
0x2536c09e5f5691498805884fa37811be3b2bddb4,4
0xaf0aff633f0571f2b90ac66685f35ae7b507b4ae,1
0x82d62b76144cd5895475b7a7c08920e90b791734,1
0x8a935532e786399d410c39377fdc7da6bee16a7d,3
0x8adbff0b3a45059c0578a05e00c7bf38c4f349a9,10
0x8b8c9d5f24eda596d32f4013f23c3b4b2833db45,1
0xc9d963ea9f059390d319e37a0bcb977f81c1dd4a,1
0xe03559ea7be32a6b7152ba745fadb7e07a772bff,15
0xe8b15352c8b5ba4acabdc91907b742fc7249d91c,1
0xa38920dbe9cbd87f3541ba74598901d958fe3b76,1
0x69d494eade06850b5074b502faa3666ec19f0787,1
0x8ca89c56aefd379baa15e0ec91c7f5ae7f5b096f,12
0x3433faf996a75d642a1e8dc82b8d70381e252881,1
0xc5ec9640b56c4c5e3bed67f5ac64d6567b369a11,4
0x6f0e052d42fa22a865f4547ab953e3c8f22c98c4,4
0x477028badabed2965966c7e5d47f174b912e8817,1
0x73347bdf5ab7a4a1376add59967874730d0dc647,2
0xcb8172da4bf02e759f8c98acda2fa01b83bf1057,6
0xb2f69cda080ec52f5a4c52ad52978eb33358537d,1
0x14d7ab124eef0383b8a57b99f8b319cf4ea0b701,1
0xfba169cc807ed66cef816144fcbd2e36b6142422,3
0x6be985249e3a48ad576a750549319eefc57008da,1
0x9ef13e6bfa6d38065207b5aaf757d124c25fb294,1
0x77a22740a5b4e6f23df9c7a7bf0c3246150463d2,1
0xe8946f92ae71ce4b212a194aab02db742ff2166d,1
0x1b50383312c2427a53c5afdf5df98a7501174558,3
0xb989b88c1b41a0cc09ea0e86a48008f235da7290,1
0x890dbc463f22c164c192ed0e3accdd99c5494f4f,2
0xc5b4e3ed8b30bf691bfda2d1604080a6781d0fc3,5
0x51cd54fb353cb29ca02876f79d5aa31cef92e264,4
0x31ac9896f4ef59976b540db2edf45f4f3e058812,2
0xb887d7cdc2f5cee347ec36abf693a09fde8536f9,2
0xd79b937791724e47f193f67162b92cdfbf7abdfd,102
0xd5b3516727e5c0d0cb83304b675b0db5de960f3e,1
0xfefc2850b25fe1aa3e9aa154df61c6b9bc7aa374,1
0xb98d10d9f6d07ba283bfd21b2dfec050f9ae282a,3
0x905f48cbaaaf881dbee913ce040c3b26d3bbc6d9,2
0x82898337f03c1d73133213580b0d9855d3a5573f,2
0xa374a95b8246cc6d9c5bb660a913571be8c2d8aa,7
0x54863db19c3f0c6795eb264aaf8cc649b1bb7d3f,3
0xa876e25a065d887356d493226ea3cc591d623fca,1
0x2207a70b70e6d861ac08b92db480214767ae1974,1
0x9e6483a0607e304b1d6590dac513f45dd8aef3b7,2
0x7f100da8302955ab49981aea42efbb7f8500a0a1,2
0x2debdf4427ccbcfdbc7f29d63964499a0ec184f6,8
0xee433c8acefafeb457738c0c362c877ca3ab4d59,1
0x82cefc39c34fb6b6507ac11247d356e54511f5c5,1
0x14839fc66a27338b81081d0fc56c734cc3cbac1b,1
0x251feebd91dd0b23ce5b8e39dbb15f26d44a6a0a,1
0xca105c17941f772e050ab8984c9e45f6b72a84db,1
0x2c13460bd42875bea47909891d75479067e98a1d,1
0x23f67feb67a3aa1e376d23beaa3f241217e427c9,1
0xf163df709d8f5d0886f425e2cc29d6784e437154,1
0x32f34871e9eea32e3f2ecc9b02f1f8257428a44b,1
0x158b0a1231b91c2c2e7a6e048913b71549b894a3,1
0xa1ed22466308b1d4b2eb583d4fe049d785f8b647,1
0x3c41f73374eea8ac6ea252cd44f808a400562b41,1
0x96a6913b41b99e0f20b27148677ccdeebb16ea06,5
0x50c8b7e03639a421c4f6069708c8348bdbb53167,1
0xea6d64defc065820ba502bb4e6de1decaa7a6a5d,1
0xb1aaf109d25fb01479d1bfb61f333105586e4ea0,4
0x603e3fe1442e6d9c9c469e19f27f8596010f1c95,1
0x3e34d5e1ba8a11515d0e84ba2d80e35a4ba283ab,4
0x13f137d638c4a7e31dad7789e3977b616ba39b12,2
0x3422322c561bfa63207834996791c63dc0bc9cf7,2
0xbbe846566f2172adc9c0bcdccf8d280ad60dfa67,1
0x1ec02d57fa47f558e391329adb66881c16c0abd9,1
0x60a0dbcfa4d43cd4a86f96785e236589eea71542,1
0x20a6f27e11edc08d32c21454b4625eecfb22bb21,1
0x488e98bb77a67d51f585e7da439c15ffa87cd6a4,1
0xe71181e880c7a9156d1e5d45ed0a4e83aa78c73b,1
0xffd869ceb163c788e219d616efc068b5297a3d73,1
0x873a209f4894b0650b1e3450f1f668a11d8c4a6f,1
0x968b61557a99b23e62be4adb77d26d7f21a4cca5,7
0xaf5bdcfedad85f50eed8e9d3af0d24455b7c3d2e,3
0xc96de7ba760c8f46cf38b706ed96785c80fc08da,1
0xfeeb2d7f276b319896f71431ef64fdf1e4ab8d5b,20
0x9ee0fa1ab8c1e2b01f6764f299a7c24b5355ad1c,1
0x5b098b00621eda6a96b7a476220661ad265f083f,2
0x565cad69921b0ef71ddb6ec846262033d92aee1b,1
0x2b9324f66b7733202261777726d8f9720285cb8a,7
0xe83c750b2708320bb134796c555b80df39a3d97b,60
0x21c83917fe7262db9d8d44376277512ce277f692,1
0x076d14b6d6174576e3d94b98c10e042eaf829907,5
0xf5663d0eee3620c4a88e28e392aac72d077a8c4d,1
0x967fb96af78fe0abda89cabff09a439d81b09f12,2
0x4885aad85013aa86e14b4f64ef889e6b89c11d9d,2
0xa7f3c74f0255796fd5d3ddcf88db769f7a6bf46a,1
0x8f3daa2f2fcdedb93dda893371fd4f075086a959,1
0xd4b9ae55f9aee2b1f251170606b9c7bef5731f75,1
0x03490e013f47390aea78707a33a23c8d674e283a,2
0x3aeabbea800d835f68049d43eaca96f69887aa00,1
0x005734d7d408bccf41cff34b46244551d01f0a6b,20
0x0dd273b85e5578c488559107ac98a1ab98f208aa,1
0x3937082fb7e411014fb829eee9f79a43d1b000e7,1
0xa4288ba1062685d01990e99623bd7d125a7e4115,3
0x4084df8bf74ba73f04eb39b89df698608df7f4b5,47
0x4fe94b40da698c898f849d0a77cdc38fd9c2692b,1
0x3f57b8ce6a0dc83f130ecd26d3f81e48795643d0,1
0xabf16c810371709d71b49d06cc6f27d786d0213e,1
